Sample #,Code,Voltage
0,25,0.0201 V
1,52,0.0419 V
2,96,0.0774 V
3,48,0.0387 V
4,0,0.0000 V
5,97,0.0782 V
6,164,0.1322 V
7,22,0.0177 V
8,0,0.0000 V
9,160,0.1289 V
10,0,0.0000 V
11,42,0.0338 V
12,143,0.1152 V
13,52,0.0419 V
14,100,0.0806 V
15,57,0.0459 V
16,58,0.0467 V
17,34,0.0274 V
18,21,0.0169 V
19,72,0.0580 V
20,0,0.0000 V
21,0,0.0000 V
22,42,0.0338 V
23,81,0.0653 V
24,0,0.0000 V
25,0,0.0000 V
26,86,0.0693 V
27,11,0.0089 V
28,49,0.0395 V
29,22,0.0177 V
30,0,0.0000 V
31,34,0.0274 V
32,0,0.0000 V
33,99,0.0798 V
34,0,0.0000 V
35,0,0.0000 V
36,91,0.0733 V
37,0,0.0000 V
38,16,0.0129 V
39,0,0.0000 V
40,19,0.0153 V
41,0,0.0000 V
42,39,0.0314 V
43,46,0.0371 V
44,0,0.0000 V
45,147,0.1185 V
46,0,0.0000 V
47,0,0.0000 V
48,79,0.0637 V
49,6,0.0048 V
50,0,0.0000 V
51,7,0.0056 V
52,43,0.0347 V
53,0,0.0000 V
54,87,0.0701 V
55,55,0.0443 V
56,61,0.0492 V
57,133,0.1072 V
58,0,0.0000 V
59,39,0.0314 V
60,68,0.0548 V
61,0,0.0000 V
62,26,0.0210 V
63,137,0.1104 V
64,68,0.0548 V
65,33,0.0266 V
66,123,0.0991 V
67,37,0.0298 V
68,137,0.1104 V
69,84,0.0677 V
70,24,0.0193 V
71,96,0.0774 V
72,84,0.0677 V
73,56,0.0451 V
74,64,0.0516 V
75,105,0.0846 V
76,0,0.0000 V
77,41,0.0330 V
78,127,0.1023 V
79,0,0.0000 V
80,76,0.0612 V
81,100,0.0806 V
82,0,0.0000 V
83,117,0.0943 V
84,175,0.1410 V
85,16,0.0129 V
86,57,0.0459 V
87,133,0.1072 V
88,26,0.0210 V
89,29,0.0234 V
90,56,0.0451 V
91,0,0.0000 V
92,63,0.0508 V
93,21,0.0169 V
94,0,0.0000 V
95,71,0.0572 V
96,82,0.0661 V
97,0,0.0000 V
98,0,0.0000 V
99,111,0.0895 V
100,0,0.0000 V
101,0,0.0000 V
102,85,0.0685 V
103,27,0.0218 V
104,4,0.0032 V
105,0,0.0000 V
106,113,0.0911 V
107,0,0.0000 V
108,0,0.0000 V
109,125,0.1007 V
110,20,0.0161 V
111,0,0.0000 V
112,45,0.0363 V
113,83,0.0669 V
114,0,0.0000 V
115,56,0.0451 V
116,82,0.0661 V
117,6,0.0048 V
118,39,0.0314 V
119,4,0.0032 V
120,86,0.0693 V
121,0,0.0000 V
122,0,0.0000 V
123,208,0.1676 V
124,117,0.0943 V
125,35,0.0282 V
126,89,0.0717 V
127,112,0.0903 V
128,90,0.0725 V
129,49,0.0395 V
130,108,0.0870 V
131,34,0.0274 V
132,88,0.0709 V
133,69,0.0556 V
134,208,0.1676 V
135,54,0.0435 V
136,0,0.0000 V
137,240,0.1934 V
138,88,0.0709 V
139,37,0.0298 V
140,61,0.0492 V
141,70,0.0564 V
142,34,0.0274 V
143,105,0.0846 V
144,111,0.0895 V
145,39,0.0314 V
146,107,0.0862 V
147,71,0.0572 V
148,219,0.1765 V
149,76,0.0612 V
150,0,0.0000 V
151,139,0.1120 V
152,61,0.0492 V
153,123,0.0991 V
154,99,0.0798 V
155,59,0.0475 V
156,60,0.0484 V
157,57,0.0459 V
158,37,0.0298 V
159,0,0.0000 V
160,7,0.0056 V
161,0,0.0000 V
162,88,0.0709 V
163,0,0.0000 V
164,13,0.0105 V
165,147,0.1185 V
166,0,0.0000 V
167,60,0.0484 V
168,90,0.0725 V
169,0,0.0000 V
170,31,0.0250 V
171,16,0.0129 V
172,0,0.0000 V
173,9,0.0073 V
174,50,0.0403 V
175,30,0.0242 V
176,0,0.0000 V
177,0,0.0000 V
178,158,0.1273 V
179,77,0.0621 V
180,0,0.0000 V
181,89,0.0717 V
182,28,0.0226 V
183,3,0.0024 V
184,122,0.0983 V
185,51,0.0411 V
186,0,0.0000 V
187,60,0.0484 V
188,62,0.0500 V
189,148,0.1193 V
190,0,0.0000 V
191,0,0.0000 V
192,156,0.1257 V
193,51,0.0411 V
194,44,0.0355 V
195,133,0.1072 V
196,47,0.0379 V
197,43,0.0347 V
198,187,0.1507 V
199,82,0.0661 V
200,81,0.0653 V
201,125,0.1007 V
202,24,0.0193 V
203,49,0.0395 V
204,112,0.0903 V
205,8,0.0064 V
206,83,0.0669 V
207,148,0.1193 V
208,75,0.0604 V
209,89,0.0717 V
210,109,0.0878 V
211,8,0.0064 V
212,104,0.0838 V
213,90,0.0725 V
214,36,0.0290 V
215,100,0.0806 V
216,125,0.1007 V
217,56,0.0451 V
218,71,0.0572 V
219,155,0.1249 V
220,33,0.0266 V
221,61,0.0492 V
222,109,0.0878 V
223,0,0.0000 V
224,64,0.0516 V
225,15,0.0121 V
226,0,0.0000 V
227,100,0.0806 V
228,148,0.1193 V
229,12,0.0097 V
230,49,0.0395 V
231,122,0.0983 V
232,0,0.0000 V
233,48,0.0387 V
234,94,0.0758 V
235,15,0.0121 V
236,69,0.0556 V
237,24,0.0193 V
238,0,0.0000 V
239,79,0.0637 V
240,86,0.0693 V
241,0,0.0000 V
242,65,0.0524 V
243,90,0.0725 V
244,0,0.0000 V
245,40,0.0322 V
246,67,0.0540 V
247,34,0.0274 V
248,60,0.0484 V
249,64,0.0516 V
250,91,0.0733 V
251,0,0.0000 V
252,0,0.0000 V
253,129,0.1040 V
254,0,0.0000 V
255,0,0.0000 V
256,65,0.0524 V
257,109,0.0878 V
258,36,0.0290 V
259,134,0.1080 V
260,108,0.0870 V
261,45,0.0363 V
262,94,0.0758 V
263,130,0.1048 V
264,256,0.2063 V
265,12,0.0097 V
266,15,0.0121 V
267,169,0.1362 V
268,39,0.0314 V
269,31,0.0250 V
270,125,0.1007 V
271,83,0.0669 V
272,30,0.0242 V
273,173,0.1394 V
274,141,0.1136 V
275,36,0.0290 V
276,128,0.1032 V
277,137,0.1104 V
278,317,0.2555 V
279,12,0.0097 V
280,17,0.0137 V
281,216,0.1741 V
282,6,0.0048 V
283,35,0.0282 V
284,143,0.1152 V
285,79,0.0637 V
286,5,0.0040 V
287,129,0.1040 V
288,114,0.0919 V
289,55,0.0443 V
290,56,0.0451 V
291,72,0.0580 V
292,201,0.1620 V
293,7,0.0056 V
294,3,0.0024 V
295,163,0.1314 V
296,0,0.0000 V
297,85,0.0685 V
298,112,0.0903 V
299,77,0.0621 V
300,0,0.0000 V
301,14,0.0113 V
302,51,0.0411 V
303,20,0.0161 V
304,31,0.0250 V
305,82,0.0661 V
306,84,0.0677 V
307,0,0.0000 V
308,102,0.0822 V
309,153,0.1233 V
310,0,0.0000 V
311,52,0.0419 V
312,48,0.0387 V
313,19,0.0153 V
314,2,0.0016 V
315,10,0.0081 V
316,11,0.0089 V
317,19,0.0153 V
318,89,0.0717 V
319,96,0.0774 V
320,3340,2.6916 V
321,3251,2.6199 V
322,3381,2.7246 V
323,3331,2.6843 V
324,3265,2.6311 V
325,3357,2.7053 V
326,3320,2.6755 V
327,3366,2.7125 V
328,3443,2.7746 V
329,3408,2.7464 V
330,3407,2.7456 V
331,3351,2.7004 V
332,3408,2.7464 V
333,3443,2.7746 V
334,3309,2.6666 V
335,3318,2.6738 V
336,3390,2.7319 V
337,3350,2.6996 V
338,3421,2.7568 V
339,3508,2.8270 V
340,3370,2.7158 V
341,3395,2.7359 V
342,3445,2.7762 V
343,3344,2.6948 V
344,3356,2.7045 V
345,3386,2.7286 V
346,3332,2.6851 V
347,3288,2.6497 V
348,3482,2.8060 V
349,3418,2.7544 V
350,3400,2.7399 V
351,3471,2.7971 V
352,3399,2.7391 V
353,3421,2.7568 V
354,3391,2.7327 V
355,3335,2.6875 V
356,3358,2.7061 V
357,3320,2.6755 V
358,3402,2.7415 V
359,3326,2.6803 V
360,3298,2.6577 V
361,3468,2.7947 V
362,3370,2.7158 V
363,3306,2.6642 V
364,3347,2.6972 V
365,3321,2.6763 V
366,3209,2.5860 V
367,3298,2.6577 V
368,3374,2.7190 V
369,3256,2.6239 V
370,3362,2.7093 V
371,3338,2.6900 V
372,3481,2.8052 V
373,3277,2.6408 V
374,3273,2.6376 V
375,3375,2.7198 V
376,3163,2.5489 V
377,3256,2.6239 V
378,3332,2.6851 V
379,3300,2.6593 V
380,3256,2.6239 V
381,3348,2.6980 V
382,3343,2.6940 V
383,3274,2.6384 V
384,3340,2.6916 V
385,3281,2.6440 V
386,3331,2.6843 V
387,3241,2.6118 V
388,3268,2.6336 V
389,3418,2.7544 V
390,3222,2.5965 V
391,3341,2.6924 V
392,3440,2.7722 V
393,3352,2.7012 V
394,3350,2.6996 V
395,3361,2.7085 V
396,3320,2.6755 V
397,3214,2.5900 V
398,3328,2.6819 V
399,3393,2.7343 V
400,3376,2.7206 V
401,3268,2.6336 V
402,3421,2.7568 V
403,3507,2.8262 V
404,3307,2.6650 V
405,3397,2.7375 V
406,3402,2.7415 V
407,3290,2.6513 V
408,3343,2.6940 V
409,3389,2.7311 V
410,3364,2.7109 V
411,3324,2.6787 V
412,3386,2.7286 V
413,3479,2.8036 V
414,3376,2.7206 V
415,3309,2.6666 V
416,3318,2.6738 V
417,3388,2.7303 V
418,3248,2.6174 V
419,3352,2.7012 V
420,3373,2.7182 V
421,3298,2.6577 V
422,3393,2.7343 V
423,3422,2.7577 V
424,3388,2.7303 V
425,3264,2.6303 V
426,3266,2.6319 V
427,3254,2.6223 V
428,3202,2.5804 V
429,3305,2.6634 V
430,3248,2.6174 V
431,3253,2.6215 V
432,3334,2.6867 V
433,3336,2.6884 V
434,3311,2.6682 V
435,3320,2.6755 V
436,3268,2.6336 V
437,3218,2.5933 V
438,3286,2.6481 V
439,3244,2.6142 V
440,3206,2.5836 V
441,3276,2.6400 V
442,3234,2.6062 V
443,3370,2.7158 V
444,3279,2.6424 V
445,3241,2.6118 V
446,3273,2.6376 V
447,3183,2.5651 V
448,3223,2.5973 V
449,3222,2.5965 V
450,3240,2.6110 V
451,3170,2.5546 V
452,3306,2.6642 V
453,3330,2.6835 V
454,3270,2.6352 V
455,3305,2.6634 V
456,3223,2.5973 V
457,3343,2.6940 V
458,3177,2.5602 V
459,3206,2.5836 V
460,3274,2.6384 V
461,3202,2.5804 V
462,3301,2.6601 V
463,3361,2.7085 V
464,3370,2.7158 V
465,3307,2.6650 V
466,3337,2.6892 V
467,3300,2.6593 V
468,3309,2.6666 V
469,3257,2.6247 V
470,3250,2.6190 V
471,3335,2.6875 V
472,3243,2.6134 V
473,3342,2.6932 V
474,3338,2.6900 V
475,3249,2.6182 V
476,3305,2.6634 V
477,3299,2.6585 V
478,3284,2.6464 V
479,3266,2.6319 V
480,3265,2.6311 V
481,3285,2.6473 V
482,3294,2.6545 V
483,3344,2.6948 V
484,3266,2.6319 V
485,3390,2.7319 V
486,3288,2.6497 V
487,3262,2.6287 V
488,3351,2.7004 V
489,3262,2.6287 V
490,3256,2.6239 V
491,3238,2.6094 V
492,3295,2.6553 V
493,3223,2.5973 V
494,3311,2.6682 V
495,3231,2.6037 V
496,3085,2.4861 V
497,3275,2.6392 V
498,3181,2.5634 V
499,3182,2.5642 V
500,3246,2.6158 V
501,3158,2.5449 V
502,3242,2.6126 V
503,3277,2.6408 V
504,3213,2.5892 V
505,3163,2.5489 V
506,3185,2.5667 V
507,3159,2.5457 V
508,3088,2.4885 V
509,3225,2.5989 V
510,3112,2.5078 V
511,3145,2.5344 V
512,3204,2.5820 V
513,3262,2.6287 V
514,3273,2.6376 V
515,3215,2.5908 V
516,3175,2.5586 V
517,3135,2.5264 V
518,3247,2.6166 V
519,3121,2.5151 V
520,3118,2.5127 V
521,3204,2.5820 V
522,3162,2.5481 V
523,3252,2.6207 V
524,3246,2.6158 V
525,3171,2.5554 V
526,3171,2.5554 V
527,3221,2.5957 V
528,3243,2.6134 V
529,3150,2.5385 V
530,3219,2.5941 V
531,3158,2.5449 V
532,3158,2.5449 V
533,3256,2.6239 V
534,3220,2.5949 V
535,3239,2.6102 V
536,3183,2.5651 V
537,3200,2.5788 V
538,3198,2.5771 V
539,3158,2.5449 V
540,3118,2.5127 V
541,3146,2.5352 V
542,3202,2.5804 V
543,3206,2.5836 V
544,3276,2.6400 V
545,3183,2.5651 V
546,3195,2.5747 V
547,3206,2.5836 V
548,3171,2.5554 V
549,3167,2.5522 V
550,3129,2.5215 V
551,3132,2.5240 V
552,3165,2.5505 V
553,3194,2.5739 V
554,3213,2.5892 V
555,3192,2.5723 V
556,3207,2.5844 V
557,3160,2.5465 V
558,3134,2.5256 V
559,3121,2.5151 V
560,3067,2.4716 V
561,3086,2.4869 V
562,3090,2.4901 V
563,3188,2.5691 V
564,3146,2.5352 V
565,3162,2.5481 V
566,3176,2.5594 V
567,3095,2.4941 V
568,3151,2.5393 V
569,3057,2.4635 V
570,3078,2.4804 V
571,3021,2.4345 V
572,3049,2.4571 V
573,3134,2.5256 V
574,3121,2.5151 V
575,3114,2.5095 V
576,3113,2.5086 V
577,3136,2.5272 V
578,3123,2.5167 V
579,3082,2.4837 V
580,3025,2.4377 V
581,3048,2.4563 V
582,3094,2.4933 V
583,3088,2.4885 V
584,3162,2.5481 V
585,3099,2.4974 V
586,3086,2.4869 V
587,3155,2.5425 V
588,3071,2.4748 V
589,3083,2.4845 V
590,2975,2.3974 V
591,3038,2.4482 V
592,3069,2.4732 V
593,3069,2.4732 V
594,3144,2.5336 V
595,3138,2.5288 V
596,3180,2.5626 V
597,3195,2.5747 V
598,3187,2.5683 V
599,3107,2.5038 V
600,3035,2.4458 V
601,3051,2.4587 V
602,3054,2.4611 V
603,3132,2.5240 V
604,3044,2.4530 V
605,3114,2.5095 V
606,3147,2.5360 V
607,3131,2.5232 V
608,3159,2.5457 V
609,3091,2.4909 V
610,3103,2.5006 V
611,3044,2.4530 V
612,3074,2.4772 V
613,3108,2.5046 V
614,3106,2.5030 V
615,3108,2.5046 V
616,3068,2.4724 V
617,3145,2.5344 V
618,3079,2.4812 V
619,3075,2.4780 V
620,3063,2.4684 V
621,3015,2.4297 V
622,3010,2.4256 V
623,3027,2.4393 V
624,3076,2.4788 V
625,3040,2.4498 V
626,3060,2.4659 V
627,3134,2.5256 V
628,3116,2.5111 V
629,3071,2.4748 V
630,3007,2.4232 V
631,2985,2.4055 V
632,3003,2.4200 V
633,2995,2.4136 V
634,3032,2.4434 V
635,3001,2.4184 V
636,3027,2.4393 V
637,3014,2.4289 V
638,3087,2.4877 V
639,3027,2.4393 V
640,3001,2.4184 V
641,2983,2.4039 V
642,2951,2.3781 V
643,2996,2.4144 V
644,2962,2.3870 V
645,2946,2.3741 V
646,3006,2.4224 V
647,3000,2.4176 V
648,3046,2.4547 V
649,3027,2.4393 V
650,2961,2.3862 V
651,2885,2.3249 V
652,2927,2.3588 V
653,2954,2.3805 V
654,2897,2.3346 V
655,2931,2.3620 V
656,2963,2.3878 V
657,3009,2.4248 V
658,3024,2.4369 V
659,3017,2.4313 V
660,2971,2.3942 V
661,2951,2.3781 V
662,3019,2.4329 V
663,2967,2.3910 V
664,2979,2.4007 V
665,2962,2.3870 V
666,2951,2.3781 V
667,3044,2.4530 V
668,3008,2.4240 V
669,3011,2.4264 V
670,3035,2.4458 V
671,2983,2.4039 V
672,2983,2.4039 V
673,3003,2.4200 V
674,3000,2.4176 V
675,2972,2.3950 V
676,2996,2.4144 V
677,3000,2.4176 V
678,3034,2.4450 V
679,3048,2.4563 V
680,2982,2.4031 V
681,3011,2.4264 V
682,2936,2.3660 V
683,2971,2.3942 V
684,2980,2.4015 V
685,2958,2.3837 V
686,2988,2.4079 V
687,3007,2.4232 V
688,3050,2.4579 V
689,3039,2.4490 V
690,3040,2.4498 V
691,3015,2.4297 V
692,3050,2.4579 V
693,3063,2.4684 V
694,3026,2.4385 V
695,3039,2.4490 V
696,2937,2.3668 V
697,2986,2.4063 V
698,2969,2.3926 V
699,2974,2.3966 V
700,2949,2.3765 V
701,2890,2.3289 V
702,2962,2.3870 V
703,2962,2.3870 V
704,2940,2.3692 V
705,2924,2.3563 V
706,2969,2.3926 V
707,2996,2.4144 V
708,3021,2.4345 V
709,3005,2.4216 V
710,2893,2.3314 V
711,2887,2.3265 V
712,2887,2.3265 V
713,2897,2.3346 V
714,2938,2.3676 V
715,2882,2.3225 V
716,2944,2.3725 V
717,2982,2.4031 V
718,2993,2.4119 V
719,3015,2.4297 V
720,2903,2.3394 V
721,2911,2.3459 V
722,2899,2.3362 V
723,2902,2.3386 V
724,2878,2.3193 V
725,2865,2.3088 V
726,2889,2.3281 V
727,2929,2.3604 V
728,3009,2.4248 V
729,2939,2.3684 V
730,2975,2.3974 V
731,2923,2.3555 V
732,2890,2.3289 V
733,2927,2.3588 V
734,2896,2.3338 V
735,2916,2.3499 V
736,2917,2.3507 V
737,2958,2.3837 V
738,2972,2.3950 V
739,2983,2.4039 V
740,2969,2.3926 V
741,2895,2.3330 V
742,2947,2.3749 V
743,2904,2.3402 V
744,2902,2.3386 V
745,2901,2.3378 V
746,2907,2.3426 V
747,2986,2.4063 V
748,2973,2.3958 V
749,3024,2.4369 V
750,2935,2.3652 V
751,2922,2.3547 V
752,2940,2.3692 V
753,2911,2.3459 V
754,2918,2.3515 V
755,2857,2.3023 V
756,2941,2.3700 V
757,2919,2.3523 V
758,2948,2.3757 V
759,3009,2.4248 V
760,2931,2.3620 V
761,2944,2.3725 V
762,2888,2.3273 V
763,2922,2.3547 V
764,2837,2.2862 V
765,2813,2.2669 V
766,2822,2.2741 V
767,2825,2.2766 V
768,2906,2.3418 V
769,2880,2.3209 V
770,2915,2.3491 V
771,2867,2.3104 V
772,2473,1.9929 V
773,2671,2.1525 V
774,2799,2.2556 V
775,2614,2.1065 V
776,2865,2.3088 V
777,2868,2.3112 V
778,2678,2.1581 V
779,2656,2.1404 V
780,2632,2.1210 V
781,2543,2.0493 V
782,2743,2.2105 V
783,2715,2.1879 V
784,2705,2.1799 V
785,2709,2.1831 V
786,2657,2.1412 V
787,2658,2.1420 V
788,2670,2.1516 V
789,2670,2.1516 V
790,2676,2.1565 V
791,2736,2.2048 V
792,2740,2.2081 V
793,2625,2.1154 V
794,2615,2.1073 V
795,2567,2.0686 V
796,2602,2.0968 V
797,2666,2.1484 V
798,2697,2.1734 V
799,2782,2.2419 V
800,2742,2.2097 V
801,2768,2.2306 V
802,2723,2.1944 V
803,2767,2.2298 V
804,2707,2.1815 V
805,2703,2.1782 V
806,2725,2.1960 V
807,2685,2.1637 V
808,2750,2.2161 V
809,2742,2.2097 V
810,2746,2.2129 V
811,2738,2.2064 V
812,2741,2.2089 V
813,2807,2.2621 V
814,2755,2.2201 V
815,2743,2.2105 V
816,2714,2.1871 V
817,2744,2.2113 V
818,2779,2.2395 V
819,2764,2.2274 V
820,0,0.0000 V
821,0,0.0000 V
822,0,0.0000 V
823,0,0.0000 V
824,0,0.0000 V
825,0,0.0000 V
826,0,0.0000 V
827,0,0.0000 V
828,0,0.0000 V
829,0,0.0000 V
830,0,0.0000 V
831,0,0.0000 V
832,0,0.0000 V
833,0,0.0000 V
834,0,0.0000 V
835,0,0.0000 V
836,0,0.0000 V
837,0,0.0000 V
838,0,0.0000 V
839,0,0.0000 V
840,0,0.0000 V
841,0,0.0000 V
842,0,0.0000 V
843,0,0.0000 V
844,0,0.0000 V
845,0,0.0000 V
846,0,0.0000 V
847,0,0.0000 V
848,0,0.0000 V
849,0,0.0000 V
850,0,0.0000 V
851,0,0.0000 V
852,0,0.0000 V
853,0,0.0000 V
854,0,0.0000 V
855,0,0.0000 V
856,0,0.0000 V
857,0,0.0000 V
858,0,0.0000 V
859,0,0.0000 V
860,0,0.0000 V
861,0,0.0000 V
862,0,0.0000 V
863,0,0.0000 V
864,0,0.0000 V
865,0,0.0000 V
866,0,0.0000 V
867,0,0.0000 V
868,0,0.0000 V
869,0,0.0000 V
870,0,0.0000 V
871,0,0.0000 V
872,0,0.0000 V
873,0,0.0000 V
874,4,0.0032 V
875,0,0.0000 V
876,0,0.0000 V
877,0,0.0000 V
878,4,0.0032 V
879,15,0.0121 V
880,0,0.0000 V
881,38,0.0306 V
882,13,0.0105 V
883,24,0.0193 V
884,92,0.0741 V
885,2,0.0016 V
886,13,0.0105 V
887,0,0.0000 V
888,25,0.0201 V
889,0,0.0000 V
890,0,0.0000 V
891,0,0.0000 V
892,8,0.0064 V
893,60,0.0484 V
894,0,0.0000 V
895,64,0.0516 V
896,0,0.0000 V
897,34,0.0274 V
898,59,0.0475 V
899,0,0.0000 V
900,0,0.0000 V
901,0,0.0000 V
902,0,0.0000 V
903,0,0.0000 V
904,0,0.0000 V
905,0,0.0000 V
906,0,0.0000 V
907,0,0.0000 V
908,0,0.0000 V
909,0,0.0000 V
910,0,0.0000 V
911,0,0.0000 V
912,8,0.0064 V
913,2,0.0016 V
914,16,0.0129 V
915,0,0.0000 V
916,0,0.0000 V
917,0,0.0000 V
918,0,0.0000 V
919,0,0.0000 V
920,0,0.0000 V
921,0,0.0000 V
922,0,0.0000 V
923,29,0.0234 V
924,30,0.0242 V
925,0,0.0000 V
926,0,0.0000 V
927,0,0.0000 V
928,5,0.0040 V
929,0,0.0000 V
930,0,0.0000 V
931,39,0.0314 V
932,21,0.0169 V
933,55,0.0443 V
934,56,0.0451 V
935,54,0.0435 V
936,0,0.0000 V
937,26,0.0210 V
938,60,0.0484 V
939,14,0.0113 V
940,28,0.0226 V
941,0,0.0000 V
942,44,0.0355 V
943,90,0.0725 V
944,25,0.0201 V
945,42,0.0338 V
946,12,0.0097 V
947,25,0.0201 V
948,47,0.0379 V
949,75,0.0604 V
950,35,0.0282 V
951,19,0.0153 V
952,85,0.0685 V
953,61,0.0492 V
954,47,0.0379 V
955,0,0.0000 V
956,16,0.0129 V
957,18,0.0145 V
958,0,0.0000 V
959,61,0.0492 V
960,0,0.0000 V
961,0,0.0000 V
962,57,0.0459 V
963,78,0.0629 V
964,89,0.0717 V
965,11,0.0089 V
966,0,0.0000 V
967,0,0.0000 V
968,26,0.0210 V
969,0,0.0000 V
970,0,0.0000 V
971,0,0.0000 V
972,0,0.0000 V
973,56,0.0451 V
974,0,0.0000 V
975,0,0.0000 V
976,0,0.0000 V
977,8,0.0064 V
978,58,0.0467 V
979,16,0.0129 V
980,8,0.0064 V
981,0,0.0000 V
982,40,0.0322 V
983,12,0.0097 V
984,0,0.0000 V
985,0,0.0000 V
986,0,0.0000 V
987,0,0.0000 V
988,0,0.0000 V
989,0,0.0000 V
990,0,0.0000 V
991,0,0.0000 V
992,61,0.0492 V
993,29,0.0234 V
994,74,0.0596 V
995,36,0.0290 V
996,0,0.0000 V
997,27,0.0218 V
998,4,0.0032 V
999,41,0.0330 V
1000,0,0.0000 V
1001,0,0.0000 V
1002,14,0.0113 V
1003,53,0.0427 V
1004,45,0.0363 V
1005,13,0.0105 V
1006,98,0.0790 V
1007,39,0.0314 V
1008,80,0.0645 V
1009,26,0.0210 V
1010,42,0.0338 V
1011,36,0.0290 V
1012,5,0.0040 V
1013,100,0.0806 V
1014,36,0.0290 V
1015,7,0.0056 V
1016,0,0.0000 V
1017,5,0.0040 V
1018,47,0.0379 V
1019,0,0.0000 V
1020,13,0.0105 V
1021,14,0.0113 V
1022,12,0.0097 V
1023,77,0.0621 V
1024,52,0.0419 V
1025,10,0.0081 V
1026,0,0.0000 V
1027,70,0.0564 V
1028,25,0.0201 V
1029,6,0.0048 V
1030,0,0.0000 V
1031,0,0.0000 V
1032,31,0.0250 V
1033,0,0.0000 V
1034,45,0.0363 V
1035,0,0.0000 V
1036,0,0.0000 V
1037,53,0.0427 V
1038,0,0.0000 V
1039,12,0.0097 V
1040,0,0.0000 V
1041,0,0.0000 V
1042,0,0.0000 V
1043,0,0.0000 V
1044,0,0.0000 V
1045,0,0.0000 V
1046,6,0.0048 V
1047,0,0.0000 V
1048,12,0.0097 V
1049,0,0.0000 V
1050,0,0.0000 V
1051,0,0.0000 V
1052,0,0.0000 V
1053,6,0.0048 V
1054,0,0.0000 V
1055,0,0.0000 V
1056,10,0.0081 V
1057,0,0.0000 V
1058,0,0.0000 V
1059,0,0.0000 V
1060,0,0.0000 V
1061,0,0.0000 V
1062,0,0.0000 V
1063,0,0.0000 V
1064,0,0.0000 V
1065,0,0.0000 V
1066,6,0.0048 V
1067,39,0.0314 V
1068,16,0.0129 V
1069,13,0.0105 V
1070,40,0.0322 V
1071,0,0.0000 V
1072,30,0.0242 V
1073,46,0.0371 V
1074,63,0.0508 V
1075,43,0.0347 V
1076,7,0.0056 V
1077,71,0.0572 V
1078,37,0.0298 V
1079,36,0.0290 V
1080,0,0.0000 V
1081,25,0.0201 V
1082,0,0.0000 V
1083,0,0.0000 V
1084,64,0.0516 V
1085,8,0.0064 V
1086,29,0.0234 V
1087,39,0.0314 V
1088,93,0.0749 V
1089,78,0.0629 V
1090,34,0.0274 V
1091,24,0.0193 V
1092,96,0.0774 V
1093,65,0.0524 V
1094,27,0.0218 V
1095,46,0.0371 V
1096,0,0.0000 V
1097,18,0.0145 V
1098,66,0.0532 V
1099,20,0.0161 V
1100,3,0.0024 V
1101,0,0.0000 V
1102,1,0.0008 V
1103,53,0.0427 V
1104,0,0.0000 V
1105,9,0.0073 V
1106,15,0.0121 V
1107,0,0.0000 V
1108,0,0.0000 V
1109,0,0.0000 V
1110,0,0.0000 V
1111,0,0.0000 V
1112,0,0.0000 V
1113,0,0.0000 V
1114,0,0.0000 V
1115,0,0.0000 V
1116,0,0.0000 V
1117,19,0.0153 V
1118,0,0.0000 V
1119,0,0.0000 V
1120,0,0.0000 V
1121,0,0.0000 V
1122,0,0.0000 V
1123,0,0.0000 V
1124,53,0.0427 V
1125,0,0.0000 V
1126,0,0.0000 V
1127,3,0.0024 V
1128,11,0.0089 V
1129,0,0.0000 V
1130,0,0.0000 V
1131,11,0.0089 V
1132,0,0.0000 V
1133,10,0.0081 V
1134,58,0.0467 V
1135,62,0.0500 V
1136,49,0.0395 V
1137,29,0.0234 V
1138,97,0.0782 V
1139,72,0.0580 V
1140,37,0.0298 V
1141,0,0.0000 V
1142,40,0.0322 V
1143,68,0.0548 V
1144,28,0.0226 V
1145,106,0.0854 V
1146,69,0.0556 V
1147,66,0.0532 V
1148,98,0.0790 V
1149,95,0.0766 V
1150,66,0.0532 V
1151,0,0.0000 V
1152,88,0.0709 V
1153,49,0.0395 V
1154,35,0.0282 V
1155,72,0.0580 V
1156,70,0.0564 V
1157,95,0.0766 V
1158,39,0.0314 V
1159,92,0.0741 V
1160,2,0.0016 V
1161,0,0.0000 V
1162,30,0.0242 V
1163,33,0.0266 V
1164,62,0.0500 V
1165,0,0.0000 V
1166,74,0.0596 V
1167,55,0.0443 V
1168,47,0.0379 V
1169,23,0.0185 V
1170,20,0.0161 V
1171,45,0.0363 V
1172,0,0.0000 V
1173,49,0.0395 V
1174,15,0.0121 V
1175,0,0.0000 V
1176,0,0.0000 V
1177,14,0.0113 V
1178,42,0.0338 V
1179,0,0.0000 V
1180,0,0.0000 V
1181,9,0.0073 V
1182,0,0.0000 V
1183,0,0.0000 V
1184,17,0.0137 V
1185,26,0.0210 V
1186,18,0.0145 V
1187,33,0.0266 V
1188,32,0.0258 V
1189,10,0.0081 V
1190,0,0.0000 V
1191,0,0.0000 V
1192,7,0.0056 V
1193,0,0.0000 V
1194,0,0.0000 V
1195,0,0.0000 V
1196,0,0.0000 V
1197,0,0.0000 V
1198,1,0.0008 V
1199,71,0.0572 V
1200,18,0.0145 V
1201,18,0.0145 V
1202,59,0.0475 V
1203,84,0.0677 V
1204,49,0.0395 V
1205,0,0.0000 V
1206,88,0.0709 V
1207,0,0.0000 V
1208,30,0.0242 V
1209,79,0.0637 V
1210,0,0.0000 V
1211,0,0.0000 V
1212,31,0.0250 V
1213,74,0.0596 V
1214,57,0.0459 V
1215,24,0.0193 V
1216,77,0.0621 V
1217,60,0.0484 V
1218,66,0.0532 V
1219,34,0.0274 V
1220,20,0.0161 V
1221,0,0.0000 V
1222,0,0.0000 V
1223,33,0.0266 V
1224,18,0.0145 V
1225,31,0.0250 V
1226,0,0.0000 V
1227,43,0.0347 V
1228,89,0.0717 V
1229,10,0.0081 V
1230,35,0.0282 V
1231,24,0.0193 V
1232,38,0.0306 V
1233,5,0.0040 V
1234,28,0.0226 V
1235,18,0.0145 V
1236,0,0.0000 V
1237,37,0.0298 V
1238,19,0.0153 V
1239,0,0.0000 V
1240,0,0.0000 V
1241,0,0.0000 V
1242,0,0.0000 V
1243,0,0.0000 V
1244,0,0.0000 V
1245,0,0.0000 V
1246,0,0.0000 V
1247,0,0.0000 V
1248,0,0.0000 V
1249,62,0.0500 V
1250,0,0.0000 V
1251,0,0.0000 V
1252,0,0.0000 V
1253,9,0.0073 V
1254,0,0.0000 V
1255,0,0.0000 V
1256,22,0.0177 V
1257,0,0.0000 V
1258,40,0.0322 V
1259,0,0.0000 V
1260,27,0.0218 V
1261,0,0.0000 V
1262,0,0.0000 V
1263,51,0.0411 V
1264,0,0.0000 V
1265,15,0.0121 V
1266,0,0.0000 V
1267,13,0.0105 V
1268,58,0.0467 V
1269,42,0.0338 V
1270,104,0.0838 V
1271,31,0.0250 V
1272,51,0.0411 V
1273,67,0.0540 V
1274,25,0.0201 V
1275,0,0.0000 V
1276,0,0.0000 V
1277,63,0.0508 V
1278,41,0.0330 V
1279,80,0.0645 V
1280,21,0.0169 V
1281,76,0.0612 V
1282,72,0.0580 V
1283,44,0.0355 V
1284,103,0.0830 V
1285,11,0.0089 V
1286,29,0.0234 V
1287,29,0.0234 V
1288,57,0.0459 V
1289,45,0.0363 V
1290,0,0.0000 V
1291,57,0.0459 V
1292,32,0.0258 V
1293,78,0.0629 V
1294,18,0.0145 V
1295,15,0.0121 V
1296,44,0.0355 V
1297,7,0.0056 V
1298,69,0.0556 V
1299,71,0.0572 V
1300,36,0.0290 V
1301,0,0.0000 V
1302,38,0.0306 V
1303,31,0.0250 V
1304,0,0.0000 V
1305,8,0.0064 V
1306,0,0.0000 V
1307,0,0.0000 V
1308,16,0.0129 V
1309,0,0.0000 V
1310,14,0.0113 V
1311,0,0.0000 V
1312,6,0.0048 V
1313,46,0.0371 V
1314,3,0.0024 V
1315,0,0.0000 V
1316,0,0.0000 V
1317,10,0.0081 V
1318,0,0.0000 V
1319,42,0.0338 V
1320,3242,2.6126 V
1321,3260,2.6271 V
1322,3271,2.6360 V
1323,3227,2.6005 V
1324,3282,2.6448 V
1325,3194,2.5739 V
1326,3246,2.6158 V
1327,3316,2.6722 V
1328,3344,2.6948 V
1329,3358,2.7061 V
1330,3327,2.6811 V
1331,3297,2.6569 V
1332,3247,2.6166 V
1333,3291,2.6521 V
1334,3239,2.6102 V
1335,3236,2.6078 V
1336,3284,2.6464 V
1337,3274,2.6384 V
1338,3396,2.7367 V
1339,3325,2.6795 V
1340,3375,2.7198 V
1341,3337,2.6892 V
1342,3291,2.6521 V
1343,3359,2.7069 V
1344,3259,2.6263 V
1345,3283,2.6456 V
1346,3278,2.6416 V
1347,3338,2.6900 V
1348,3366,2.7125 V
1349,3385,2.7278 V
1350,3351,2.7004 V
1351,3287,2.6489 V
1352,3351,2.7004 V
1353,3257,2.6247 V
1354,3244,2.6142 V
1355,3252,2.6207 V
1356,3244,2.6142 V
1357,3350,2.6996 V
1358,3266,2.6319 V
1359,3354,2.7029 V
1360,3336,2.6884 V
1361,3293,2.6537 V
1362,3356,2.7045 V
1363,3283,2.6456 V
1364,3273,2.6376 V
1365,3208,2.5852 V
1366,3249,2.6182 V
1367,3250,2.6190 V
1368,3276,2.6400 V
1369,3290,2.6513 V
1370,3284,2.6464 V
1371,3315,2.6714 V
1372,3236,2.6078 V
1373,3266,2.6319 V
1374,3240,2.6110 V
1375,3196,2.5755 V
1376,3242,2.6126 V
1377,3229,2.6021 V
1378,3302,2.6610 V
1379,3257,2.6247 V
1380,3308,2.6658 V
1381,3284,2.6464 V
1382,3220,2.5949 V
1383,3236,2.6078 V
1384,3194,2.5739 V
1385,3196,2.5755 V
1386,3140,2.5304 V
1387,3189,2.5699 V
1388,3256,2.6239 V
1389,3230,2.6029 V
1390,3282,2.6448 V
1391,3239,2.6102 V
1392,3309,2.6666 V
1393,3262,2.6287 V
1394,3204,2.5820 V
1395,3209,2.5860 V
1396,3100,2.4982 V
1397,3220,2.5949 V
1398,3189,2.5699 V
1399,3242,2.6126 V
1400,3233,2.6053 V
1401,3222,2.5965 V
1402,3279,2.6424 V
1403,3250,2.6190 V
1404,3244,2.6142 V
1405,3175,2.5586 V
1406,3242,2.6126 V
1407,3210,2.5868 V
1408,3222,2.5965 V
1409,3282,2.6448 V
1410,3228,2.6013 V
1411,3292,2.6529 V
1412,3269,2.6344 V
1413,3300,2.6593 V
1414,3213,2.5892 V
1415,3215,2.5908 V
1416,3201,2.5796 V
1417,3138,2.5288 V
1418,3235,2.6070 V
1419,3194,2.5739 V
1420,3204,2.5820 V
1421,3310,2.6674 V
1422,3265,2.6311 V
1423,3291,2.6521 V
1424,3227,2.6005 V
1425,3215,2.5908 V
1426,3143,2.5328 V
1427,3194,2.5739 V
1428,3193,2.5731 V
1429,3155,2.5425 V
1430,3277,2.6408 V
1431,3228,2.6013 V
1432,3274,2.6384 V
1433,3239,2.6102 V
1434,3218,2.5933 V
1435,3238,2.6094 V
1436,3139,2.5296 V
1437,3180,2.5626 V
1438,3145,2.5344 V
1439,3134,2.5256 V
1440,3128,2.5207 V
1441,3190,2.5707 V
1442,3217,2.5925 V
1443,3187,2.5683 V
1444,3230,2.6029 V
1445,3131,2.5232 V
1446,3148,2.5368 V
1447,3067,2.4716 V
1448,3086,2.4869 V
1449,3170,2.5546 V
1450,3093,2.4925 V
1451,3156,2.5433 V
1452,3143,2.5328 V
1453,3175,2.5586 V
1454,3163,2.5489 V
1455,3089,2.4893 V
1456,3123,2.5167 V
1457,3052,2.4595 V
1458,3105,2.5022 V
1459,3110,2.5062 V
1460,3116,2.5111 V
1461,3118,2.5127 V
1462,3148,2.5368 V
1463,3218,2.5933 V
1464,3127,2.5199 V
1465,3161,2.5473 V
1466,3073,2.4764 V
1467,3055,2.4619 V
1468,3090,2.4901 V
1469,3030,2.4418 V
1470,3127,2.5199 V
1471,3096,2.4949 V
1472,3169,2.5538 V
1473,3205,2.5828 V
1474,3207,2.5844 V
1475,3163,2.5489 V
1476,3090,2.4901 V
1477,3138,2.5288 V
1478,3077,2.4796 V
1479,3099,2.4974 V
1480,3082,2.4837 V
1481,3134,2.5256 V
1482,3154,2.5417 V
1483,3104,2.5014 V
1484,3184,2.5659 V
1485,3133,2.5248 V
1486,3128,2.5207 V
1487,3160,2.5465 V
1488,3093,2.4925 V
1489,3126,2.5191 V
1490,3092,2.4917 V
1491,3174,2.5578 V
1492,3157,2.5441 V
1493,3165,2.5505 V
1494,3174,2.5578 V
1495,3122,2.5159 V
1496,3099,2.4974 V
1497,3033,2.4442 V
1498,3065,2.4700 V
1499,3072,2.4756 V
1500,3101,2.4990 V
1501,3102,2.4998 V
1502,3135,2.5264 V
1503,3176,2.5594 V
1504,3107,2.5038 V
1505,3140,2.5304 V
1506,3122,2.5159 V
1507,3065,2.4700 V
1508,3084,2.4853 V
1509,3053,2.4603 V
1510,3078,2.4804 V
1511,3041,2.4506 V
1512,3036,2.4466 V
1513,3069,2.4732 V
1514,3049,2.4571 V
1515,3014,2.4289 V
1516,2950,2.3773 V
1517,3031,2.4426 V
1518,2942,2.3708 V
1519,3021,2.4345 V
1520,3035,2.4458 V
1521,3026,2.4385 V
1522,3124,2.5175 V
1523,3066,2.4708 V
1524,3107,2.5038 V
1525,2975,2.3974 V
1526,2935,2.3652 V
1527,2975,2.3974 V
1528,2953,2.3797 V
1529,2987,2.4071 V
1530,2958,2.3837 V
1531,3048,2.4563 V
1532,3026,2.4385 V
1533,3047,2.4555 V
1534,3085,2.4861 V
1535,3059,2.4651 V
1536,3011,2.4264 V
1537,2963,2.3878 V
1538,3056,2.4627 V
1539,2990,2.4095 V
1540,2985,2.4055 V
1541,3065,2.4700 V
1542,3063,2.4684 V
1543,3134,2.5256 V
1544,3035,2.4458 V
1545,3045,2.4538 V
1546,3047,2.4555 V
1547,2995,2.4136 V
1548,3061,2.4667 V
1549,3027,2.4393 V
1550,3077,2.4796 V
1551,3018,2.4321 V
1552,3101,2.4990 V
1553,3114,2.5095 V
1554,3047,2.4555 V
1555,3068,2.4724 V
1556,3013,2.4281 V
1557,3023,2.4361 V
1558,2913,2.3475 V
1559,2961,2.3862 V
1560,3013,2.4281 V
1561,2934,2.3644 V
1562,3068,2.4724 V
1563,3049,2.4571 V
1564,3087,2.4877 V
1565,3052,2.4595 V
1566,2999,2.4168 V
1567,2992,2.4111 V
1568,2945,2.3733 V
1569,2964,2.3886 V
1570,2958,2.3837 V
1571,3012,2.4273 V
1572,2946,2.3741 V
1573,3013,2.4281 V
1574,3074,2.4772 V
1575,2935,2.3652 V
1576,2978,2.3999 V
1577,2937,2.3668 V
1578,2969,2.3926 V
1579,2910,2.3451 V
1580,2892,2.3305 V
1581,2958,2.3837 V
1582,2909,2.3442 V
1583,2990,2.4095 V
1584,2990,2.4095 V
1585,2981,2.4023 V
1586,2916,2.3499 V
1587,2917,2.3507 V
1588,2959,2.3845 V
1589,2860,2.3048 V
1590,2897,2.3346 V
1591,2856,2.3015 V
1592,2920,2.3531 V
1593,2941,2.3700 V
1594,2924,2.3563 V
1595,2978,2.3999 V
1596,2875,2.3168 V
1597,2939,2.3684 V
1598,2924,2.3563 V
1599,2910,2.3451 V
1600,2886,2.3257 V
1601,2874,2.3160 V
1602,2989,2.4087 V
1603,2953,2.3797 V
1604,2977,2.3990 V
1605,2962,2.3870 V
1606,3003,2.4200 V
1607,2978,2.3999 V
1608,2915,2.3491 V
1609,2909,2.3442 V
1610,2858,2.3032 V
1611,2896,2.3338 V
1612,2912,2.3467 V
1613,2994,2.4127 V
1614,2996,2.4144 V
1615,2966,2.3902 V
1616,3027,2.4393 V
1617,2953,2.3797 V
1618,2957,2.3829 V
1619,2937,2.3668 V
1620,2874,2.3160 V
1621,2936,2.3660 V
1622,2892,2.3305 V
1623,2960,2.3853 V
1624,2958,2.3837 V
1625,2967,2.3910 V
1626,2939,2.3684 V
1627,2964,2.3886 V
1628,2981,2.4023 V
1629,2894,2.3322 V
1630,2928,2.3596 V
1631,2896,2.3338 V
1632,2923,2.3555 V
1633,2960,2.3853 V
1634,2946,2.3741 V
1635,2986,2.4063 V
1636,2926,2.3579 V
1637,2980,2.4015 V
1638,2925,2.3571 V
1639,2895,2.3330 V
1640,2867,2.3104 V
1641,2796,2.2532 V
1642,2834,2.2838 V
1643,2853,2.2991 V
1644,2905,2.3410 V
1645,2890,2.3289 V
1646,2953,2.3797 V
1647,2898,2.3354 V
1648,2883,2.3233 V
1649,2919,2.3523 V
1650,2791,2.2492 V
1651,2790,2.2484 V
1652,2830,2.2806 V
1653,2845,2.2927 V
1654,2875,2.3168 V
1655,2830,2.2806 V
1656,2933,2.3636 V
1657,2884,2.3241 V
1658,2863,2.3072 V
1659,2879,2.3201 V
1660,2807,2.2621 V
1661,2775,2.2363 V
1662,2816,2.2693 V
1663,2876,2.3177 V
1664,2833,2.2830 V
1665,2876,2.3177 V
1666,2912,2.3467 V
1667,2882,2.3225 V
1668,2927,2.3588 V
1669,2767,2.2298 V
1670,2843,2.2911 V
1671,2779,2.2395 V
1672,2733,2.2024 V
1673,2855,2.3007 V
1674,2817,2.2701 V
1675,2873,2.3152 V
1676,2865,2.3088 V
1677,2932,2.3628 V
1678,2893,2.3314 V
1679,2847,2.2943 V
1680,2855,2.3007 V
1681,2871,2.3136 V
1682,2834,2.2838 V
1683,2759,2.2234 V
1684,2877,2.3185 V
1685,2857,2.3023 V
1686,2825,2.2766 V
1687,2918,2.3515 V
1688,2873,2.3152 V
1689,2871,2.3136 V
1690,2819,2.2717 V
1691,2815,2.2685 V
1692,2791,2.2492 V
1693,2754,2.2193 V
1694,2852,2.2983 V
1695,2822,2.2741 V
1696,2913,2.3475 V
1697,2842,2.2903 V
1698,2875,2.3168 V
1699,2931,2.3620 V
1700,2807,2.2621 V
1701,2811,2.2653 V
1702,2791,2.2492 V
1703,2854,2.2999 V
1704,2780,2.2403 V
1705,2827,2.2782 V
1706,2881,2.3217 V
1707,2771,2.2330 V
1708,2864,2.3080 V
1709,2800,2.2564 V
1710,2832,2.2822 V
1711,2807,2.2621 V
1712,2800,2.2564 V
1713,2915,2.3491 V
1714,2958,2.3837 V
1715,2873,2.3152 V
1716,2952,2.3789 V
1717,2871,2.3136 V
1718,2761,2.2250 V
1719,2899,2.3362 V
1720,2731,2.2008 V
1721,2774,2.2355 V
1722,2838,2.2870 V
1723,2757,2.2218 V
1724,2866,2.3096 V
1725,2778,2.2387 V
1726,2748,2.2145 V
1727,2888,2.3273 V
1728,2752,2.2177 V
1729,2752,2.2177 V
1730,2753,2.2185 V
1731,2729,2.1992 V
1732,2772,2.2338 V
1733,2730,2.2000 V
1734,2789,2.2475 V
1735,2780,2.2403 V
1736,2818,2.2709 V
1737,2809,2.2637 V
1738,2860,2.3048 V
1739,2823,2.2749 V
1740,2767,2.2298 V
1741,2849,2.2959 V
1742,2771,2.2330 V
1743,2898,2.3354 V
1744,2847,2.2943 V
1745,2857,2.3023 V
1746,2888,2.3273 V
1747,2833,2.2830 V
1748,2849,2.2959 V
1749,2793,2.2508 V
1750,2779,2.2395 V
1751,2695,2.1718 V
1752,2758,2.2226 V
1753,2772,2.2338 V
1754,2735,2.2040 V
1755,2796,2.2532 V
1756,2790,2.2484 V
1757,2854,2.2999 V
1758,2787,2.2459 V
1759,2761,2.2250 V
1760,2784,2.2435 V
1761,2663,2.1460 V
1762,2722,2.1936 V
1763,2708,2.1823 V
1764,2759,2.2234 V
1765,2766,2.2290 V
1766,2766,2.2290 V
1767,2798,2.2548 V
1768,2767,2.2298 V
1769,2779,2.2395 V
1770,2715,2.1879 V
1771,2721,2.1927 V
1772,2690,2.1678 V
1773,2674,2.1549 V
1774,2734,2.2032 V
1775,2670,2.1516 V
1776,2712,2.1855 V
1777,2713,2.1863 V
1778,2739,2.2073 V
1779,2684,2.1629 V
1780,2632,2.1210 V
1781,2681,2.1605 V
1782,2589,2.0864 V
1783,2625,2.1154 V
1784,2604,2.0985 V
1785,2660,2.1436 V
1786,2657,2.1412 V
1787,2673,2.1541 V
1788,2722,2.1936 V
1789,2620,2.1114 V
1790,2649,2.1347 V
1791,2615,2.1073 V
1792,2608,2.1017 V
1793,2624,2.1146 V
1794,2586,2.0840 V
1795,2666,2.1484 V
1796,2613,2.1057 V
1797,2658,2.1420 V
1798,2713,2.1863 V
1799,2648,2.1339 V
1800,2640,2.1275 V
1801,2557,2.0606 V
1802,2612,2.1049 V
1803,2539,2.0461 V
1804,2523,2.0332 V
1805,2618,2.1097 V
1806,2605,2.0993 V
1807,2640,2.1275 V
1808,2647,2.1331 V
1809,2707,2.1815 V
1810,2632,2.1210 V
1811,2661,2.1444 V
1812,2600,2.0952 V
1813,2611,2.1041 V
1814,2615,2.1073 V
1815,2539,2.0461 V
1816,2642,2.1291 V
1817,2617,2.1089 V
1818,2624,2.1146 V
1819,2707,2.1815 V
1820,0,0.0000 V
1821,0,0.0000 V
1822,0,0.0000 V
1823,0,0.0000 V
1824,0,0.0000 V
1825,0,0.0000 V
1826,0,0.0000 V
1827,0,0.0000 V
1828,0,0.0000 V
1829,0,0.0000 V
1830,0,0.0000 V
1831,0,0.0000 V
1832,0,0.0000 V
1833,0,0.0000 V
1834,0,0.0000 V
1835,0,0.0000 V
1836,0,0.0000 V
1837,0,0.0000 V
1838,0,0.0000 V
1839,0,0.0000 V
1840,0,0.0000 V
1841,0,0.0000 V
1842,0,0.0000 V
1843,0,0.0000 V
1844,0,0.0000 V
1845,0,0.0000 V
1846,0,0.0000 V
1847,0,0.0000 V
1848,0,0.0000 V
1849,0,0.0000 V
1850,0,0.0000 V
1851,0,0.0000 V
1852,0,0.0000 V
1853,0,0.0000 V
1854,0,0.0000 V
1855,0,0.0000 V
1856,0,0.0000 V
1857,0,0.0000 V
1858,0,0.0000 V
1859,0,0.0000 V
1860,0,0.0000 V
1861,0,0.0000 V
1862,0,0.0000 V
1863,0,0.0000 V
1864,0,0.0000 V
1865,0,0.0000 V
1866,0,0.0000 V
1867,0,0.0000 V
1868,0,0.0000 V
1869,0,0.0000 V
1870,0,0.0000 V
1871,0,0.0000 V
1872,0,0.0000 V
1873,0,0.0000 V
1874,0,0.0000 V
1875,0,0.0000 V
1876,0,0.0000 V
1877,0,0.0000 V
1878,0,0.0000 V
1879,0,0.0000 V
1880,0,0.0000 V
1881,0,0.0000 V
1882,0,0.0000 V
1883,0,0.0000 V
1884,0,0.0000 V
1885,0,0.0000 V
1886,0,0.0000 V
1887,11,0.0089 V
1888,0,0.0000 V
1889,24,0.0193 V
1890,0,0.0000 V
1891,0,0.0000 V
1892,24,0.0193 V
1893,0,0.0000 V
1894,0,0.0000 V
1895,0,0.0000 V
1896,0,0.0000 V
1897,0,0.0000 V
1898,0,0.0000 V
1899,27,0.0218 V
1900,0,0.0000 V
1901,0,0.0000 V
1902,0,0.0000 V
1903,22,0.0177 V
1904,0,0.0000 V
1905,0,0.0000 V
1906,6,0.0048 V
1907,0,0.0000 V
1908,7,0.0056 V
1909,0,0.0000 V
1910,0,0.0000 V
1911,0,0.0000 V
1912,0,0.0000 V
1913,0,0.0000 V
1914,0,0.0000 V
1915,0,0.0000 V
1916,0,0.0000 V
1917,0,0.0000 V
1918,0,0.0000 V
1919,0,0.0000 V
1920,0,0.0000 V
1921,0,0.0000 V
1922,0,0.0000 V
1923,0,0.0000 V
1924,0,0.0000 V
1925,0,0.0000 V
1926,0,0.0000 V
1927,0,0.0000 V
1928,0,0.0000 V
1929,0,0.0000 V
1930,0,0.0000 V
1931,0,0.0000 V
1932,0,0.0000 V
1933,0,0.0000 V
1934,0,0.0000 V
1935,0,0.0000 V
1936,0,0.0000 V
1937,0,0.0000 V
1938,0,0.0000 V
1939,0,0.0000 V
1940,0,0.0000 V
1941,32,0.0258 V
1942,0,0.0000 V
1943,0,0.0000 V
1944,1,0.0008 V
1945,0,0.0000 V
1946,76,0.0612 V
1947,0,0.0000 V
1948,70,0.0564 V
1949,36,0.0290 V
1950,16,0.0129 V
1951,38,0.0306 V
1952,5,0.0040 V
1953,33,0.0266 V
1954,0,0.0000 V
1955,20,0.0161 V
1956,0,0.0000 V
1957,23,0.0185 V
1958,9,0.0073 V
1959,10,0.0081 V
1960,80,0.0645 V
1961,0,0.0000 V
1962,31,0.0250 V
1963,54,0.0435 V
1964,0,0.0000 V
1965,38,0.0306 V
1966,3,0.0024 V
1967,46,0.0371 V
1968,17,0.0137 V
1969,20,0.0161 V
1970,29,0.0234 V
1971,0,0.0000 V
1972,33,0.0266 V
1973,0,0.0000 V
1974,63,0.0508 V
1975,0,0.0000 V
1976,0,0.0000 V
1977,54,0.0435 V
1978,0,0.0000 V
1979,0,0.0000 V
1980,0,0.0000 V
1981,10,0.0081 V
1982,0,0.0000 V
1983,0,0.0000 V
1984,12,0.0097 V
1985,0,0.0000 V
1986,0,0.0000 V
1987,0,0.0000 V
1988,1,0.0008 V
1989,6,0.0048 V
1990,0,0.0000 V
1991,0,0.0000 V
1992,0,0.0000 V
1993,0,0.0000 V
1994,0,0.0000 V
1995,0,0.0000 V
1996,0,0.0000 V
1997,0,0.0000 V
1998,38,0.0306 V
1999,4,0.0032 V
2000,51,0.0411 V
2001,11,0.0089 V
2002,45,0.0363 V
2003,0,0.0000 V
2004,0,0.0000 V
2005,1,0.0008 V
2006,0,0.0000 V
2007,0,0.0000 V
2008,0,0.0000 V
2009,0,0.0000 V
2010,24,0.0193 V
2011,17,0.0137 V
2012,29,0.0234 V
2013,32,0.0258 V
2014,65,0.0524 V
2015,10,0.0081 V
2016,40,0.0322 V
2017,24,0.0193 V
2018,25,0.0201 V
2019,65,0.0524 V
2020,0,0.0000 V
2021,43,0.0347 V
2022,41,0.0330 V
2023,0,0.0000 V
2024,29,0.0234 V
2025,0,0.0000 V
2026,12,0.0097 V
2027,0,0.0000 V
2028,64,0.0516 V
2029,10,0.0081 V
2030,60,0.0484 V
2031,67,0.0540 V
2032,29,0.0234 V
2033,88,0.0709 V
2034,0,0.0000 V
2035,40,0.0322 V
2036,0,0.0000 V
2037,0,0.0000 V
2038,12,0.0097 V
2039,0,0.0000 V
2040,18,0.0145 V
2041,0,0.0000 V
2042,15,0.0121 V
2043,41,0.0330 V
2044,0,0.0000 V
2045,0,0.0000 V
2046,0,0.0000 V
2047,0,0.0000 V
2048,0,0.0000 V
2049,0,0.0000 V
2050,0,0.0000 V
2051,0,0.0000 V
2052,0,0.0000 V
2053,0,0.0000 V
2054,0,0.0000 V
2055,0,0.0000 V
2056,0,0.0000 V
2057,20,0.0161 V
2058,0,0.0000 V
2059,21,0.0169 V
2060,0,0.0000 V
2061,10,0.0081 V
2062,23,0.0185 V
2063,25,0.0201 V
2064,24,0.0193 V
2065,0,0.0000 V
2066,11,0.0089 V
2067,0,0.0000 V
2068,0,0.0000 V
2069,0,0.0000 V
2070,0,0.0000 V
2071,11,0.0089 V
2072,0,0.0000 V
2073,41,0.0330 V
2074,0,0.0000 V
2075,0,0.0000 V
2076,0,0.0000 V
2077,0,0.0000 V
2078,33,0.0266 V
2079,5,0.0040 V
2080,42,0.0338 V
2081,16,0.0129 V
2082,20,0.0161 V
2083,35,0.0282 V
2084,11,0.0089 V
2085,51,0.0411 V
2086,0,0.0000 V
2087,35,0.0282 V
2088,0,0.0000 V
2089,14,0.0113 V
2090,30,0.0242 V
2091,35,0.0282 V
2092,78,0.0629 V
2093,19,0.0153 V
2094,78,0.0629 V
2095,17,0.0137 V
2096,0,0.0000 V
2097,53,0.0427 V
2098,0,0.0000 V
2099,61,0.0492 V
2100,0,0.0000 V
2101,21,0.0169 V
2102,21,0.0169 V
2103,6,0.0048 V
2104,47,0.0379 V
2105,0,0.0000 V
2106,54,0.0435 V
2107,0,0.0000 V
2108,39,0.0314 V
2109,26,0.0210 V
2110,0,0.0000 V
2111,53,0.0427 V
2112,6,0.0048 V
2113,75,0.0604 V
2114,0,0.0000 V
2115,0,0.0000 V
2116,0,0.0000 V
2117,0,0.0000 V
2118,42,0.0338 V
2119,0,0.0000 V
2120,0,0.0000 V
2121,0,0.0000 V
2122,0,0.0000 V
2123,5,0.0040 V
2124,0,0.0000 V
2125,0,0.0000 V
2126,0,0.0000 V
2127,15,0.0121 V
2128,0,0.0000 V
2129,0,0.0000 V
2130,59,0.0475 V
2131,0,0.0000 V
2132,23,0.0185 V
2133,0,0.0000 V
2134,2,0.0016 V
2135,0,0.0000 V
2136,0,0.0000 V
2137,0,0.0000 V
2138,0,0.0000 V
2139,29,0.0234 V
2140,0,0.0000 V
2141,31,0.0250 V
2142,51,0.0411 V
2143,31,0.0250 V
2144,29,0.0234 V
2145,0,0.0000 V
2146,26,0.0210 V
2147,0,0.0000 V
2148,45,0.0363 V
2149,57,0.0459 V
2150,1,0.0008 V
2151,13,0.0105 V
2152,0,0.0000 V
2153,63,0.0508 V
2154,39,0.0314 V
2155,21,0.0169 V
2156,6,0.0048 V
2157,22,0.0177 V
2158,40,0.0322 V
2159,8,0.0064 V
2160,72,0.0580 V
2161,0,0.0000 V
2162,53,0.0427 V
2163,91,0.0733 V
2164,36,0.0290 V
2165,45,0.0363 V
2166,0,0.0000 V
2167,9,0.0073 V
2168,39,0.0314 V
2169,32,0.0258 V
2170,59,0.0475 V
2171,46,0.0371 V
2172,95,0.0766 V
2173,61,0.0492 V
2174,84,0.0677 V
2175,37,0.0298 V
2176,0,0.0000 V
2177,54,0.0435 V
2178,18,0.0145 V
2179,24,0.0193 V
2180,0,0.0000 V
2181,22,0.0177 V
2182,0,0.0000 V
2183,0,0.0000 V
2184,24,0.0193 V
2185,0,0.0000 V
2186,0,0.0000 V
2187,0,0.0000 V
2188,8,0.0064 V
2189,0,0.0000 V
2190,0,0.0000 V
2191,1,0.0008 V
2192,0,0.0000 V
2193,17,0.0137 V
2194,0,0.0000 V
2195,0,0.0000 V
2196,0,0.0000 V
2197,0,0.0000 V
2198,0,0.0000 V
2199,0,0.0000 V
2200,11,0.0089 V
2201,0,0.0000 V
2202,10,0.0081 V
2203,25,0.0201 V
2204,0,0.0000 V
2205,6,0.0048 V
2206,0,0.0000 V
2207,4,0.0032 V
2208,25,0.0201 V
2209,0,0.0000 V
2210,3,0.0024 V
2211,0,0.0000 V
2212,0,0.0000 V
2213,25,0.0201 V
2214,73,0.0588 V
2215,12,0.0097 V
2216,13,0.0105 V
2217,59,0.0475 V
2218,0,0.0000 V
2219,52,0.0419 V
2220,0,0.0000 V
2221,48,0.0387 V
2222,67,0.0540 V
2223,55,0.0443 V
2224,93,0.0749 V
2225,4,0.0032 V
2226,54,0.0435 V
2227,34,0.0274 V
2228,40,0.0322 V
2229,24,0.0193 V
2230,23,0.0185 V
2231,66,0.0532 V
2232,31,0.0250 V
2233,80,0.0645 V
2234,15,0.0121 V
2235,16,0.0129 V
2236,57,0.0459 V
2237,0,0.0000 V
2238,71,0.0572 V
2239,0,0.0000 V
2240,24,0.0193 V
2241,41,0.0330 V
2242,48,0.0387 V
2243,53,0.0427 V
2244,0,0.0000 V
2245,68,0.0548 V
2246,0,0.0000 V
2247,0,0.0000 V
2248,0,0.0000 V
2249,0,0.0000 V
2250,16,0.0129 V
2251,0,0.0000 V
2252,56,0.0451 V
2253,13,0.0105 V
2254,0,0.0000 V
2255,49,0.0395 V
2256,0,0.0000 V
2257,17,0.0137 V
2258,0,0.0000 V
2259,14,0.0113 V
2260,0,0.0000 V
2261,0,0.0000 V
2262,0,0.0000 V
2263,0,0.0000 V
2264,55,0.0443 V
2265,4,0.0032 V
2266,16,0.0129 V
2267,0,0.0000 V
2268,0,0.0000 V
2269,0,0.0000 V
2270,0,0.0000 V
2271,26,0.0210 V
2272,0,0.0000 V
2273,53,0.0427 V
2274,0,0.0000 V
2275,0,0.0000 V
2276,4,0.0032 V
2277,0,0.0000 V
2278,20,0.0161 V
2279,0,0.0000 V
2280,16,0.0129 V
2281,37,0.0298 V
2282,24,0.0193 V
2283,81,0.0653 V
2284,47,0.0379 V
2285,125,0.1007 V
2286,46,0.0371 V
2287,39,0.0314 V
2288,74,0.0596 V
2289,9,0.0073 V
2290,31,0.0250 V
2291,0,0.0000 V
2292,60,0.0484 V
2293,27,0.0218 V
2294,55,0.0443 V
2295,64,0.0516 V
2296,4,0.0032 V
2297,99,0.0798 V
2298,0,0.0000 V
2299,75,0.0604 V
2300,2,0.0016 V
2301,0,0.0000 V
2302,55,0.0443 V
2303,38,0.0306 V
2304,36,0.0290 V
2305,12,0.0097 V
2306,94,0.0758 V
2307,22,0.0177 V
2308,28,0.0226 V
2309,41,0.0330 V
2310,0,0.0000 V
2311,22,0.0177 V
2312,0,0.0000 V
2313,36,0.0290 V
2314,0,0.0000 V
2315,0,0.0000 V
2316,23,0.0185 V
2317,0,0.0000 V
2318,23,0.0185 V
2319,0,0.0000 V
2320,3289,2.6505 V
2321,3303,2.6618 V
2322,3270,2.6352 V
2323,3299,2.6585 V
2324,3290,2.6513 V
2325,3243,2.6134 V
2326,3236,2.6078 V
2327,3240,2.6110 V
2328,3215,2.5908 V
2329,3189,2.5699 V
2330,3241,2.6118 V
2331,3246,2.6158 V
2332,3290,2.6513 V
2333,3294,2.6545 V
2334,3338,2.6900 V
2335,3321,2.6763 V
2336,3241,2.6118 V
2337,3251,2.6199 V
2338,3241,2.6118 V
2339,3242,2.6126 V
2340,3221,2.5957 V
2341,3242,2.6126 V
2342,3269,2.6344 V
2343,3316,2.6722 V
2344,3313,2.6698 V
2345,3295,2.6553 V
2346,3287,2.6489 V
2347,3231,2.6037 V
2348,3296,2.6561 V
2349,3259,2.6263 V
2350,3210,2.5868 V
2351,3290,2.6513 V
2352,3294,2.6545 V
2353,3332,2.6851 V
2354,3342,2.6932 V
2355,3311,2.6682 V
2356,3304,2.6626 V
2357,3281,2.6440 V
2358,3255,2.6231 V
2359,3219,2.5941 V
2360,3219,2.5941 V
2361,3244,2.6142 V
2362,3304,2.6626 V
2363,3338,2.6900 V
2364,3324,2.6787 V
2365,3371,2.7166 V
2366,3318,2.6738 V
2367,3325,2.6795 V
2368,3312,2.6690 V
2369,3225,2.5989 V
2370,3252,2.6207 V
2371,3196,2.5755 V
2372,3276,2.6400 V
2373,3294,2.6545 V
2374,3330,2.6835 V
2375,3322,2.6771 V
2376,3301,2.6601 V
2377,3319,2.6747 V
2378,3267,2.6327 V
2379,3263,2.6295 V
2380,3202,2.5804 V
2381,3248,2.6174 V
2382,3254,2.6223 V
2383,3229,2.6021 V
2384,3290,2.6513 V
2385,3237,2.6086 V
2386,3263,2.6295 V
2387,3247,2.6166 V
2388,3198,2.5771 V
2389,3194,2.5739 V
2390,3140,2.5304 V
2391,3155,2.5425 V
2392,3191,2.5715 V
2393,3205,2.5828 V
2394,3208,2.5852 V
2395,3253,2.6215 V
2396,3261,2.6279 V
2397,3223,2.5973 V
2398,3255,2.6231 V
2399,3189,2.5699 V
2400,3150,2.5385 V
2401,3142,2.5320 V
2402,3160,2.5465 V
2403,3218,2.5933 V
2404,3205,2.5828 V
2405,3242,2.6126 V
2406,3208,2.5852 V
2407,3209,2.5860 V
2408,3211,2.5876 V
2409,3163,2.5489 V
2410,3161,2.5473 V
2411,3086,2.4869 V
2412,3168,2.5530 V
2413,3168,2.5530 V
2414,3203,2.5812 V
2415,3240,2.6110 V
2416,3236,2.6078 V
2417,3307,2.6650 V
2418,3231,2.6037 V
2419,3223,2.5973 V
2420,3143,2.5328 V
2421,3126,2.5191 V
2422,3154,2.5417 V
2423,3176,2.5594 V
2424,3214,2.5900 V
2425,3158,2.5449 V
2426,3238,2.6094 V
2427,3239,2.6102 V
2428,3231,2.6037 V
2429,3211,2.5876 V
2430,3133,2.5248 V
2431,3209,2.5860 V
2432,3162,2.5481 V
2433,3181,2.5634 V
2434,3205,2.5828 V
2435,3194,2.5739 V
2436,3226,2.5997 V
2437,3224,2.5981 V
2438,3220,2.5949 V
2439,3158,2.5449 V
2440,3143,2.5328 V
2441,3095,2.4941 V
2442,3114,2.5095 V
2443,3178,2.5610 V
2444,3134,2.5256 V
2445,3234,2.6062 V
2446,3220,2.5949 V
2447,3218,2.5933 V
2448,3250,2.6190 V
2449,3143,2.5328 V
2450,3116,2.5111 V
2451,3061,2.4667 V
2452,3061,2.4667 V
2453,3102,2.4998 V
2454,3110,2.5062 V
2455,3143,2.5328 V
2456,3144,2.5336 V
2457,3185,2.5667 V
2458,3179,2.5618 V
2459,3185,2.5667 V
2460,3122,2.5159 V
2461,3075,2.4780 V
2462,3080,2.4821 V
2463,3081,2.4829 V
2464,3112,2.5078 V
2465,3082,2.4837 V
2466,3073,2.4764 V
2467,3144,2.5336 V
2468,3110,2.5062 V
2469,3125,2.5183 V
2470,3075,2.4780 V
2471,3047,2.4555 V
2472,2969,2.3926 V
2473,3105,2.5022 V
2474,3061,2.4667 V
2475,3107,2.5038 V
2476,3090,2.4901 V
2477,3129,2.5215 V
2478,3163,2.5489 V
2479,3111,2.5070 V
2480,3051,2.4587 V
2481,3055,2.4619 V
2482,3035,2.4458 V
2483,3065,2.4700 V
2484,3101,2.4990 V
2485,3079,2.4812 V
2486,3130,2.5223 V
2487,3158,2.5449 V
2488,3153,2.5409 V
2489,3151,2.5393 V
2490,3092,2.4917 V
2491,3072,2.4756 V
2492,3107,2.5038 V
2493,3066,2.4708 V
2494,3063,2.4684 V
2495,3106,2.5030 V
2496,3090,2.4901 V
2497,3158,2.5449 V
2498,3145,2.5344 V
2499,3137,2.5280 V
2500,3135,2.5264 V
2501,3044,2.4530 V
2502,3041,2.4506 V
2503,3042,2.4514 V
2504,3023,2.4361 V
2505,3038,2.4482 V
2506,3088,2.4885 V
2507,3108,2.5046 V
2508,3094,2.4933 V
2509,3128,2.5207 V
2510,3090,2.4901 V
2511,3073,2.4764 V
2512,3030,2.4418 V
2513,3045,2.4538 V
2514,3076,2.4788 V
2515,3065,2.4700 V
2516,3059,2.4651 V
2517,3057,2.4635 V
2518,3057,2.4635 V
2519,3042,2.4514 V
2520,3039,2.4490 V
2521,3009,2.4248 V
2522,2995,2.4136 V
2523,3028,2.4401 V
2524,3013,2.4281 V
2525,2977,2.3990 V
2526,2992,2.4111 V
2527,2997,2.4152 V
2528,3048,2.4563 V
2529,2979,2.4007 V
2530,2959,2.3845 V
2531,2928,2.3596 V
2532,2889,2.3281 V
2533,2912,2.3467 V
2534,2942,2.3708 V
2535,2958,2.3837 V
2536,2971,2.3942 V
2537,3010,2.4256 V
2538,2991,2.4103 V
2539,3003,2.4200 V
2540,2927,2.3588 V
2541,2915,2.3491 V
2542,2930,2.3612 V
2543,2938,2.3676 V
2544,2964,2.3886 V
2545,2957,2.3829 V
2546,2973,2.3958 V
2547,2990,2.4095 V
2548,3007,2.4232 V
2549,2987,2.4071 V
2550,2931,2.3620 V
2551,2941,2.3700 V
2552,2923,2.3555 V
2553,2947,2.3749 V
2554,2969,2.3926 V
2555,2988,2.4079 V
2556,3078,2.4804 V
2557,3045,2.4538 V
2558,3053,2.4603 V
2559,3051,2.4587 V
2560,3003,2.4200 V
2561,2969,2.3926 V
2562,2971,2.3942 V
2563,2986,2.4063 V
2564,2963,2.3878 V
2565,3020,2.4337 V
2566,3010,2.4256 V
2567,3082,2.4837 V
2568,3071,2.4748 V
2569,2999,2.4168 V
2570,3103,2.5006 V
2571,3009,2.4248 V
2572,3023,2.4361 V
2573,2997,2.4152 V
2574,3014,2.4289 V
2575,3038,2.4482 V
2576,3002,2.4192 V
2577,3075,2.4780 V
2578,3044,2.4530 V
2579,3012,2.4273 V
2580,2987,2.4071 V
2581,2999,2.4168 V
2582,2929,2.3604 V
2583,2925,2.3571 V
2584,3010,2.4256 V
2585,2957,2.3829 V
2586,2969,2.3926 V
2587,3001,2.4184 V
2588,3025,2.4377 V
2589,3023,2.4361 V
2590,2953,2.3797 V
2591,2955,2.3813 V
2592,2927,2.3588 V
2593,2895,2.3330 V
2594,2936,2.3660 V
2595,2920,2.3531 V
2596,2945,2.3733 V
2597,2932,2.3628 V
2598,2996,2.4144 V
2599,2998,2.4160 V
2600,2944,2.3725 V
2601,2904,2.3402 V
2602,2913,2.3475 V
2603,2922,2.3547 V
2604,2862,2.3064 V
2605,2894,2.3322 V
2606,2948,2.3757 V
2607,2931,2.3620 V
2608,2981,2.4023 V
2609,2952,2.3789 V
2610,2951,2.3781 V
2611,2873,2.3152 V
2612,2875,2.3168 V
2613,2901,2.3378 V
2614,2842,2.2903 V
2615,2850,2.2967 V
2616,2886,2.3257 V
2617,2936,2.3660 V
2618,2941,2.3700 V
2619,3014,2.4289 V
2620,2979,2.4007 V
2621,2927,2.3588 V
2622,2935,2.3652 V
2623,2895,2.3330 V
2624,2918,2.3515 V
2625,2865,2.3088 V
2626,2913,2.3475 V
2627,2972,2.3950 V
2628,2986,2.4063 V
2629,2974,2.3966 V
2630,2951,2.3781 V
2631,2997,2.4152 V
2632,2897,2.3346 V
2633,2916,2.3499 V
2634,2901,2.3378 V
2635,2887,2.3265 V
2636,2918,2.3515 V
2637,2903,2.3394 V
2638,2918,2.3515 V
2639,2954,2.3805 V
2640,2921,2.3539 V
2641,2938,2.3676 V
2642,2924,2.3563 V
2643,2863,2.3072 V
2644,2851,2.2975 V
2645,2860,2.3048 V
2646,2823,2.2749 V
2647,2842,2.2903 V
2648,2926,2.3579 V
2649,2920,2.3531 V
2650,2935,2.3652 V
2651,2866,2.3096 V
2652,2847,2.2943 V
2653,2884,2.3241 V
2654,2765,2.2282 V
2655,2798,2.2548 V
2656,2791,2.2492 V
2657,2818,2.2709 V
2658,2860,2.3048 V
2659,2861,2.3056 V
2660,2841,2.2895 V
2661,2812,2.2661 V
2662,2834,2.2838 V
2663,2820,2.2725 V
2664,2821,2.2733 V
2665,2734,2.2032 V
2666,2743,2.2105 V
2667,2826,2.2774 V
2668,2805,2.2604 V
2669,2846,2.2935 V
2670,2852,2.2983 V
2671,2846,2.2935 V
2672,2841,2.2895 V
2673,2815,2.2685 V
2674,2777,2.2379 V
2675,2753,2.2185 V
2676,2734,2.2032 V
2677,2788,2.2467 V
2678,2822,2.2741 V
2679,2797,2.2540 V
2680,2830,2.2806 V
2681,2869,2.3120 V
2682,2845,2.2927 V
2683,2855,2.3007 V
2684,2851,2.2975 V
2685,2799,2.2556 V
2686,2827,2.2782 V
2687,2845,2.2927 V
2688,2862,2.3064 V
2689,2822,2.2741 V
2690,2860,2.3048 V
2691,2846,2.2935 V
2692,2927,2.3588 V
2693,2848,2.2951 V
2694,2842,2.2903 V
2695,2824,2.2758 V
2696,2774,2.2355 V
2697,2814,2.2677 V
2698,2835,2.2846 V
2699,2878,2.3193 V
2700,2852,2.2983 V
2701,2854,2.2999 V
2702,2900,2.3370 V
2703,2849,2.2959 V
2704,2825,2.2766 V
2705,2785,2.2443 V
2706,2801,2.2572 V
2707,2782,2.2419 V
2708,2789,2.2475 V
2709,2846,2.2935 V
2710,2796,2.2532 V
2711,2818,2.2709 V
2712,2823,2.2749 V
2713,2858,2.3032 V
2714,2820,2.2725 V
2715,2763,2.2266 V
2716,2785,2.2443 V
2717,2771,2.2330 V
2718,2820,2.2725 V
2719,2768,2.2306 V
2720,2758,2.2226 V
2721,2742,2.2097 V
2722,2710,2.1839 V
2723,2762,2.2258 V
2724,2758,2.2226 V
2725,2715,2.1879 V
2726,2696,2.1726 V
2727,2742,2.2097 V
2728,2771,2.2330 V
2729,2700,2.1758 V
2730,2733,2.2024 V
2731,2686,2.1645 V
2732,2703,2.1782 V
2733,2695,2.1718 V
2734,2685,2.1637 V
2735,2638,2.1259 V
2736,2630,2.1194 V
2737,2724,2.1952 V
2738,2717,2.1895 V
2739,2734,2.2032 V
2740,2717,2.1895 V
2741,2708,2.1823 V
2742,2747,2.2137 V
2743,2681,2.1605 V
2744,2693,2.1702 V
2745,2670,2.1516 V
2746,2638,2.1259 V
2747,2665,2.1476 V
2748,2748,2.2145 V
2749,2780,2.2403 V
2750,2743,2.2105 V
2751,2737,2.2056 V
2752,2745,2.2121 V
2753,2751,2.2169 V
2754,2680,2.1597 V
2755,2683,2.1621 V
2756,2711,2.1847 V
2757,2692,2.1694 V
2758,2685,2.1637 V
2759,2769,2.2314 V
2760,2753,2.2185 V
2761,2753,2.2185 V
2762,2772,2.2338 V
2763,2771,2.2330 V
2764,2733,2.2024 V
2765,2701,2.1766 V
2766,2680,2.1597 V
2767,2702,2.1774 V
2768,2740,2.2081 V
2769,2712,2.1855 V
2770,2780,2.2403 V
2771,2742,2.2097 V
2772,2748,2.2145 V
2773,2773,2.2347 V
2774,2692,2.1694 V
2775,2687,2.1653 V
2776,2660,2.1436 V
2777,2699,2.1750 V
2778,2738,2.2064 V
2779,2717,2.1895 V
2780,2750,2.2161 V
2781,2745,2.2121 V
2782,2761,2.2250 V
2783,2719,2.1911 V
2784,2722,2.1936 V
2785,2690,2.1678 V
2786,2606,2.1001 V
2787,2649,2.1347 V
2788,2647,2.1331 V
2789,2661,2.1444 V
2790,2634,2.1226 V
2791,2674,2.1549 V
2792,2723,2.1944 V
2793,2681,2.1605 V
2794,2689,2.1670 V
2795,2657,2.1412 V
2796,2617,2.1089 V
2797,2638,2.1259 V
2798,2638,2.1259 V
2799,2674,2.1549 V
2800,2614,2.1065 V
2801,2670,2.1516 V
2802,2691,2.1686 V
2803,2701,2.1766 V
2804,2619,2.1105 V
2805,2593,2.0896 V
2806,2643,2.1299 V
2807,2592,2.0888 V
2808,2646,2.1323 V
2809,2623,2.1138 V
2810,2636,2.1242 V
2811,2670,2.1516 V
2812,2662,2.1452 V
2813,2675,2.1557 V
2814,2621,2.1122 V
2815,2620,2.1114 V
2816,2603,2.0977 V
2817,2594,2.0904 V
2818,2605,2.0993 V
2819,2558,2.0614 V
2820,0,0.0000 V
2821,0,0.0000 V
2822,0,0.0000 V
2823,0,0.0000 V
2824,0,0.0000 V
2825,0,0.0000 V
2826,0,0.0000 V
2827,0,0.0000 V
2828,0,0.0000 V
2829,0,0.0000 V
2830,0,0.0000 V
2831,0,0.0000 V
2832,0,0.0000 V
2833,0,0.0000 V
2834,0,0.0000 V
2835,0,0.0000 V
2836,0,0.0000 V
2837,0,0.0000 V
2838,0,0.0000 V
2839,0,0.0000 V
2840,0,0.0000 V
2841,0,0.0000 V
2842,0,0.0000 V
2843,0,0.0000 V
2844,0,0.0000 V
2845,0,0.0000 V
2846,0,0.0000 V
2847,0,0.0000 V
2848,0,0.0000 V
2849,0,0.0000 V
2850,0,0.0000 V
2851,0,0.0000 V
2852,0,0.0000 V
2853,0,0.0000 V
2854,0,0.0000 V
2855,0,0.0000 V
2856,0,0.0000 V
2857,0,0.0000 V
2858,0,0.0000 V
2859,0,0.0000 V
2860,0,0.0000 V
2861,0,0.0000 V
2862,0,0.0000 V
2863,0,0.0000 V
2864,0,0.0000 V
2865,0,0.0000 V
2866,0,0.0000 V
2867,0,0.0000 V
2868,0,0.0000 V
2869,0,0.0000 V
2870,0,0.0000 V
2871,0,0.0000 V
2872,0,0.0000 V
2873,0,0.0000 V
2874,0,0.0000 V
2875,0,0.0000 V
2876,0,0.0000 V
2877,0,0.0000 V
2878,0,0.0000 V
2879,0,0.0000 V
2880,0,0.0000 V
2881,0,0.0000 V
2882,0,0.0000 V
2883,0,0.0000 V
2884,0,0.0000 V
2885,0,0.0000 V
2886,0,0.0000 V
2887,0,0.0000 V
2888,0,0.0000 V
2889,0,0.0000 V
2890,0,0.0000 V
2891,0,0.0000 V
2892,1,0.0008 V
2893,0,0.0000 V
2894,0,0.0000 V
2895,0,0.0000 V
2896,0,0.0000 V
2897,0,0.0000 V
2898,0,0.0000 V
2899,0,0.0000 V
2900,0,0.0000 V
2901,0,0.0000 V
2902,16,0.0129 V
2903,2,0.0016 V
2904,42,0.0338 V
2905,0,0.0000 V
2906,0,0.0000 V
2907,5,0.0040 V
2908,0,0.0000 V
2909,15,0.0121 V
2910,0,0.0000 V
2911,0,0.0000 V
2912,0,0.0000 V
2913,44,0.0355 V
2914,34,0.0274 V
2915,0,0.0000 V
2916,11,0.0089 V
2917,0,0.0000 V
2918,0,0.0000 V
2919,0,0.0000 V
2920,0,0.0000 V
2921,0,0.0000 V
2922,0,0.0000 V
2923,3,0.0024 V
2924,0,0.0000 V
2925,0,0.0000 V
2926,0,0.0000 V
2927,0,0.0000 V
2928,3,0.0024 V
2929,0,0.0000 V
2930,0,0.0000 V
2931,0,0.0000 V
2932,0,0.0000 V
2933,0,0.0000 V
2934,0,0.0000 V
2935,0,0.0000 V
2936,0,0.0000 V
2937,0,0.0000 V
2938,0,0.0000 V
2939,0,0.0000 V
2940,0,0.0000 V
2941,0,0.0000 V
2942,0,0.0000 V
2943,0,0.0000 V
2944,0,0.0000 V
2945,0,0.0000 V
2946,0,0.0000 V
2947,0,0.0000 V
2948,0,0.0000 V
2949,0,0.0000 V
2950,0,0.0000 V
2951,0,0.0000 V
2952,9,0.0073 V
2953,0,0.0000 V
2954,0,0.0000 V
2955,0,0.0000 V
2956,5,0.0040 V
2957,10,0.0081 V
2958,0,0.0000 V
2959,14,0.0113 V
2960,0,0.0000 V
2961,5,0.0040 V
2962,0,0.0000 V
2963,35,0.0282 V
2964,70,0.0564 V
2965,0,0.0000 V
2966,47,0.0379 V
2967,0,0.0000 V
2968,22,0.0177 V
2969,0,0.0000 V
2970,45,0.0363 V
2971,34,0.0274 V
2972,6,0.0048 V
2973,76,0.0612 V
2974,57,0.0459 V
2975,12,0.0097 V
2976,0,0.0000 V
2977,28,0.0226 V
2978,29,0.0234 V
2979,0,0.0000 V
2980,16,0.0129 V
2981,0,0.0000 V
2982,12,0.0097 V
2983,19,0.0153 V
2984,65,0.0524 V
2985,19,0.0153 V
2986,0,0.0000 V
2987,33,0.0266 V
2988,2,0.0016 V
2989,0,0.0000 V
2990,0,0.0000 V
2991,0,0.0000 V
2992,0,0.0000 V
2993,0,0.0000 V
2994,1,0.0008 V
2995,0,0.0000 V
2996,0,0.0000 V
2997,1,0.0008 V
2998,0,0.0000 V
2999,29,0.0234 V
3000,0,0.0000 V
3001,0,0.0000 V
3002,23,0.0185 V
3003,13,0.0105 V
3004,0,0.0000 V
3005,0,0.0000 V
3006,0,0.0000 V
3007,0,0.0000 V
3008,0,0.0000 V
3009,0,0.0000 V
3010,0,0.0000 V
3011,0,0.0000 V
3012,0,0.0000 V
3013,18,0.0145 V
3014,0,0.0000 V
3015,0,0.0000 V
3016,7,0.0056 V
3017,0,0.0000 V
3018,0,0.0000 V
3019,0,0.0000 V
3020,0,0.0000 V
3021,0,0.0000 V
3022,13,0.0105 V
3023,35,0.0282 V
3024,85,0.0685 V
3025,35,0.0282 V
3026,35,0.0282 V
3027,59,0.0475 V
3028,35,0.0282 V
3029,24,0.0193 V
3030,25,0.0201 V
3031,30,0.0242 V
3032,5,0.0040 V
3033,37,0.0298 V
3034,41,0.0330 V
3035,34,0.0274 V
3036,0,0.0000 V
3037,66,0.0532 V
3038,44,0.0355 V
3039,11,0.0089 V
3040,0,0.0000 V
3041,18,0.0145 V
3042,6,0.0048 V
3043,53,0.0427 V
3044,36,0.0290 V
3045,23,0.0185 V
3046,25,0.0201 V
3047,42,0.0338 V
3048,37,0.0298 V
3049,16,0.0129 V
3050,0,0.0000 V
3051,0,0.0000 V
3052,0,0.0000 V
3053,45,0.0363 V
3054,0,0.0000 V
3055,20,0.0161 V
3056,28,0.0226 V
3057,17,0.0137 V
3058,1,0.0008 V
3059,0,0.0000 V
3060,0,0.0000 V
3061,0,0.0000 V
3062,0,0.0000 V
3063,0,0.0000 V
3064,0,0.0000 V
3065,0,0.0000 V
3066,0,0.0000 V
3067,0,0.0000 V
3068,0,0.0000 V
3069,0,0.0000 V
3070,0,0.0000 V
3071,0,0.0000 V
3072,0,0.0000 V
3073,0,0.0000 V
3074,0,0.0000 V
3075,0,0.0000 V
3076,0,0.0000 V
3077,6,0.0048 V
3078,0,0.0000 V
3079,0,0.0000 V
3080,0,0.0000 V
3081,0,0.0000 V
3082,0,0.0000 V
3083,5,0.0040 V
3084,26,0.0210 V
3085,9,0.0073 V
3086,19,0.0153 V
3087,0,0.0000 V
3088,10,0.0081 V
3089,0,0.0000 V
3090,0,0.0000 V
3091,8,0.0064 V
3092,0,0.0000 V
3093,37,0.0298 V
3094,13,0.0105 V
3095,24,0.0193 V
3096,14,0.0113 V
3097,46,0.0371 V
3098,48,0.0387 V
3099,58,0.0467 V
3100,34,0.0274 V
3101,0,0.0000 V
3102,33,0.0266 V
3103,38,0.0306 V
3104,10,0.0081 V
3105,18,0.0145 V
3106,16,0.0129 V
3107,56,0.0451 V
3108,41,0.0330 V
3109,31,0.0250 V
3110,18,0.0145 V
3111,0,0.0000 V
3112,35,0.0282 V
3113,44,0.0355 V
3114,96,0.0774 V
3115,5,0.0040 V
3116,21,0.0169 V
3117,72,0.0580 V
3118,20,0.0161 V
3119,34,0.0274 V
3120,0,0.0000 V
3121,14,0.0113 V
3122,9,0.0073 V
3123,0,0.0000 V
3124,17,0.0137 V
3125,0,0.0000 V
3126,0,0.0000 V
3127,0,0.0000 V
3128,15,0.0121 V
3129,0,0.0000 V
3130,0,0.0000 V
3131,5,0.0040 V
3132,0,0.0000 V
3133,0,0.0000 V
3134,0,0.0000 V
3135,0,0.0000 V
3136,0,0.0000 V
3137,0,0.0000 V
3138,0,0.0000 V
3139,0,0.0000 V
3140,0,0.0000 V
3141,0,0.0000 V
3142,0,0.0000 V
3143,15,0.0121 V
3144,0,0.0000 V
3145,0,0.0000 V
3146,0,0.0000 V
3147,0,0.0000 V
3148,0,0.0000 V
3149,0,0.0000 V
3150,0,0.0000 V
3151,0,0.0000 V
3152,0,0.0000 V
3153,9,0.0073 V
3154,0,0.0000 V
3155,7,0.0056 V
3156,7,0.0056 V
3157,8,0.0064 V
3158,25,0.0201 V
3159,29,0.0234 V
3160,2,0.0016 V
3161,0,0.0000 V
3162,18,0.0145 V
3163,31,0.0250 V
3164,31,0.0250 V
3165,8,0.0064 V
3166,22,0.0177 V
3167,30,0.0242 V
3168,36,0.0290 V
3169,26,0.0210 V
3170,0,0.0000 V
3171,0,0.0000 V
3172,27,0.0218 V
3173,16,0.0129 V
3174,31,0.0250 V
3175,0,0.0000 V
3176,9,0.0073 V
3177,36,0.0290 V
3178,37,0.0298 V
3179,0,0.0000 V
3180,0,0.0000 V
3181,13,0.0105 V
3182,26,0.0210 V
3183,34,0.0274 V
3184,37,0.0298 V
3185,5,0.0040 V
3186,38,0.0306 V
3187,32,0.0258 V
3188,32,0.0258 V
3189,0,0.0000 V
3190,0,0.0000 V
3191,0,0.0000 V
3192,23,0.0185 V
3193,0,0.0000 V
3194,13,0.0105 V
3195,0,0.0000 V
3196,0,0.0000 V
3197,69,0.0556 V
3198,8,0.0064 V
3199,21,0.0169 V
3200,0,0.0000 V
3201,0,0.0000 V
3202,0,0.0000 V
3203,12,0.0097 V
3204,0,0.0000 V
3205,0,0.0000 V
3206,22,0.0177 V
3207,0,0.0000 V
3208,0,0.0000 V
3209,0,0.0000 V
3210,0,0.0000 V
3211,0,0.0000 V
3212,0,0.0000 V
3213,27,0.0218 V
3214,2,0.0016 V
3215,0,0.0000 V
3216,0,0.0000 V
3217,1,0.0008 V
3218,18,0.0145 V
3219,0,0.0000 V
3220,0,0.0000 V
3221,0,0.0000 V
3222,0,0.0000 V
3223,19,0.0153 V
3224,26,0.0210 V
3225,6,0.0048 V
3226,13,0.0105 V
3227,73,0.0588 V
3228,45,0.0363 V
3229,29,0.0234 V
3230,0,0.0000 V
3231,0,0.0000 V
3232,17,0.0137 V
3233,10,0.0081 V
3234,42,0.0338 V
3235,19,0.0153 V
3236,0,0.0000 V
3237,56,0.0451 V
3238,61,0.0492 V
3239,44,0.0355 V
3240,0,0.0000 V
3241,6,0.0048 V
3242,12,0.0097 V
3243,46,0.0371 V
3244,8,0.0064 V
3245,4,0.0032 V
3246,38,0.0306 V
3247,0,0.0000 V
3248,79,0.0637 V
3249,79,0.0637 V
3250,0,0.0000 V
3251,49,0.0395 V
3252,21,0.0169 V
3253,46,0.0371 V
3254,5,0.0040 V
3255,17,0.0137 V
3256,52,0.0419 V
3257,43,0.0347 V
3258,5,0.0040 V
3259,10,0.0081 V
3260,0,0.0000 V
3261,0,0.0000 V
3262,0,0.0000 V
3263,7,0.0056 V
3264,0,0.0000 V
3265,21,0.0169 V
3266,0,0.0000 V
3267,6,0.0048 V
3268,10,0.0081 V
3269,0,0.0000 V
3270,0,0.0000 V
3271,0,0.0000 V
3272,0,0.0000 V
3273,0,0.0000 V
3274,0,0.0000 V
3275,0,0.0000 V
3276,0,0.0000 V
3277,27,0.0218 V
3278,0,0.0000 V
3279,1,0.0008 V
3280,0,0.0000 V
3281,3,0.0024 V
3282,0,0.0000 V
3283,0,0.0000 V
3284,18,0.0145 V
3285,0,0.0000 V
3286,0,0.0000 V
3287,0,0.0000 V
3288,13,0.0105 V
3289,0,0.0000 V
3290,0,0.0000 V
3291,0,0.0000 V
3292,31,0.0250 V
3293,34,0.0274 V
3294,41,0.0330 V
3295,26,0.0210 V
3296,8,0.0064 V
3297,40,0.0322 V
3298,27,0.0218 V
3299,33,0.0266 V
3300,16,0.0129 V
3301,0,0.0000 V
3302,28,0.0226 V
3303,43,0.0347 V
3304,12,0.0097 V
3305,39,0.0314 V
3306,47,0.0379 V
3307,80,0.0645 V
3308,85,0.0685 V
3309,52,0.0419 V
3310,28,0.0226 V
3311,0,0.0000 V
3312,21,0.0169 V
3313,44,0.0355 V
3314,27,0.0218 V
3315,0,0.0000 V
3316,16,0.0129 V
3317,30,0.0242 V
3318,29,0.0234 V
3319,92,0.0741 V
3320,3307,2.6650 V
3321,3327,2.6811 V
3322,3302,2.6610 V
3323,3265,2.6311 V
3324,3314,2.6706 V
3325,3293,2.6537 V
3326,3294,2.6545 V
3327,3323,2.6779 V
3328,3324,2.6787 V
3329,3283,2.6456 V
3330,3302,2.6610 V
3331,3309,2.6666 V
3332,3285,2.6473 V
3333,3341,2.6924 V
3334,3325,2.6795 V
3335,3322,2.6771 V
3336,3297,2.6569 V
3337,3274,2.6384 V
3338,3319,2.6747 V
3339,3259,2.6263 V
3340,3228,2.6013 V
3341,3214,2.5900 V
3342,3225,2.5989 V
3343,3236,2.6078 V
3344,3223,2.5973 V
3345,3294,2.6545 V
3346,3253,2.6215 V
3347,3284,2.6464 V
3348,3351,2.7004 V
3349,3283,2.6456 V
3350,3259,2.6263 V
3351,3193,2.5731 V
3352,3210,2.5868 V
3353,3205,2.5828 V
3354,3220,2.5949 V
3355,3254,2.6223 V
3356,3254,2.6223 V
3357,3334,2.6867 V
3358,3295,2.6553 V
3359,3333,2.6859 V
3360,3318,2.6738 V
3361,3255,2.6231 V
3362,3307,2.6650 V
3363,3322,2.6771 V
3364,3342,2.6932 V
3365,3286,2.6481 V
3366,3313,2.6698 V
3367,3318,2.6738 V
3368,3378,2.7222 V
3369,3335,2.6875 V
3370,3335,2.6875 V
3371,3289,2.6505 V
3372,3237,2.6086 V
3373,3263,2.6295 V
3374,3266,2.6319 V
3375,3246,2.6158 V
3376,3288,2.6497 V
3377,3338,2.6900 V
3378,3338,2.6900 V
3379,3297,2.6569 V
3380,3287,2.6489 V
3381,3261,2.6279 V
3382,3260,2.6271 V
3383,3199,2.5779 V
3384,3209,2.5860 V
3385,3242,2.6126 V
3386,3201,2.5796 V
3387,3252,2.6207 V
3388,3292,2.6529 V
3389,3275,2.6392 V
3390,3289,2.6505 V
3391,3247,2.6166 V
3392,3259,2.6263 V
3393,3169,2.5538 V
3394,3157,2.5441 V
3395,3136,2.5272 V
3396,3129,2.5215 V
3397,3148,2.5368 V
3398,3140,2.5304 V
3399,3250,2.6190 V
3400,3151,2.5393 V
3401,3103,2.5006 V
3402,3135,2.5264 V
3403,3068,2.4724 V
3404,3076,2.4788 V
3405,3061,2.4667 V
3406,3144,2.5336 V
3407,3089,2.4893 V
3408,3117,2.5119 V
3409,3162,2.5481 V
3410,3102,2.4998 V
3411,3099,2.4974 V
3412,3034,2.4450 V
3413,3079,2.4812 V
3414,3020,2.4337 V
3415,3032,2.4434 V
3416,3046,2.4547 V
3417,3048,2.4563 V
3418,3133,2.5248 V
3419,3112,2.5078 V
3420,3120,2.5143 V
3421,3107,2.5038 V
3422,3071,2.4748 V
3423,3083,2.4845 V
3424,3063,2.4684 V
3425,3026,2.4385 V
3426,3025,2.4377 V
3427,3142,2.5320 V
3428,3172,2.5562 V
3429,3128,2.5207 V
3430,3159,2.5457 V
3431,3127,2.5199 V
3432,3143,2.5328 V
3433,3119,2.5135 V
3434,3079,2.4812 V
3435,3090,2.4901 V
3436,3065,2.4700 V
3437,3140,2.5304 V
3438,3161,2.5473 V
3439,3141,2.5312 V
3440,3150,2.5385 V
3441,3152,2.5401 V
3442,3154,2.5417 V
3443,3129,2.5215 V
3444,3087,2.4877 V
3445,3067,2.4716 V
3446,3123,2.5167 V
3447,3099,2.4974 V
3448,3162,2.5481 V
3449,3185,2.5667 V
3450,3149,2.5377 V
3451,3159,2.5457 V
3452,3139,2.5296 V
3453,3137,2.5280 V
3454,3067,2.4716 V
3455,3058,2.4643 V
3456,3089,2.4893 V
3457,3086,2.4869 V
3458,3130,2.5223 V
3459,3148,2.5368 V
3460,3175,2.5586 V
3461,3109,2.5054 V
3462,3105,2.5022 V
3463,3104,2.5014 V
3464,3046,2.4547 V
3465,3017,2.4313 V
3466,2998,2.4160 V
3467,3022,2.4353 V
3468,3061,2.4667 V
3469,3030,2.4418 V
3470,3099,2.4974 V
3471,3049,2.4571 V
3472,3074,2.4772 V
3473,3064,2.4692 V
3474,3025,2.4377 V
3475,3005,2.4216 V
3476,2948,2.3757 V
3477,3016,2.4305 V
3478,3030,2.4418 V
3479,3019,2.4329 V
3480,3022,2.4353 V
3481,3058,2.4643 V
3482,3043,2.4522 V
3483,3003,2.4200 V
3484,3039,2.4490 V
3485,2951,2.3781 V
3486,2906,2.3418 V
3487,2962,2.3870 V
3488,2947,2.3749 V
3489,3008,2.4240 V
3490,2968,2.3918 V
3491,3015,2.4297 V
3492,3039,2.4490 V
3493,2984,2.4047 V
3494,2975,2.3974 V
3495,2933,2.3636 V
3496,2929,2.3604 V
3497,2958,2.3837 V
3498,3003,2.4200 V
3499,3018,2.4321 V
3500,2954,2.3805 V
3501,3015,2.4297 V
3502,3051,2.4587 V
3503,3051,2.4587 V
3504,2953,2.3797 V
3505,2960,2.3853 V
3506,2973,2.3958 V
3507,2946,2.3741 V
3508,2979,2.4007 V
3509,2980,2.4015 V
3510,3002,2.4192 V
3511,2986,2.4063 V
3512,3057,2.4635 V
3513,3055,2.4619 V
3514,2971,2.3942 V
3515,2967,2.3910 V
3516,2953,2.3797 V
3517,2974,2.3966 V
3518,2941,2.3700 V
3519,2988,2.4079 V
3520,2972,2.3950 V
3521,2997,2.4152 V
3522,3012,2.4273 V
3523,2987,2.4071 V
3524,3023,2.4361 V
3525,2919,2.3523 V
3526,2935,2.3652 V
3527,3006,2.4224 V
3528,2963,2.3878 V
3529,2978,2.3999 V
3530,2975,2.3974 V
3531,2972,2.3950 V
3532,2962,2.3870 V
3533,2986,2.4063 V
3534,3005,2.4216 V
3535,2972,2.3950 V
3536,2981,2.4023 V
3537,2963,2.3878 V
3538,3010,2.4256 V
3539,2960,2.3853 V
3540,2944,2.3725 V
3541,2959,2.3845 V
3542,2916,2.3499 V
3543,2979,2.4007 V
3544,2904,2.3402 V
3545,2873,2.3152 V
3546,2897,2.3346 V
3547,2871,2.3136 V
3548,2966,2.3902 V
3549,2961,2.3862 V
3550,2944,2.3725 V
3551,2915,2.3491 V
3552,2996,2.4144 V
3553,2931,2.3620 V
3554,2909,2.3442 V
3555,2871,2.3136 V
3556,2865,2.3088 V
3557,2930,2.3612 V
3558,2916,2.3499 V
3559,2957,2.3829 V
3560,2950,2.3773 V
3561,2902,2.3386 V
3562,2995,2.4136 V
3563,2971,2.3942 V
3564,2931,2.3620 V
3565,2907,2.3426 V
3566,2892,2.3305 V
3567,2910,2.3451 V
3568,2938,2.3676 V
3569,2934,2.3644 V
3570,2948,2.3757 V
3571,2999,2.4168 V
3572,2919,2.3523 V
3573,2964,2.3886 V
3574,2929,2.3604 V
3575,2860,2.3048 V
3576,2866,2.3096 V
3577,2904,2.3402 V
3578,2930,2.3612 V
3579,2893,2.3314 V
3580,2950,2.3773 V
3581,2974,2.3966 V
3582,2939,2.3684 V
3583,2927,2.3588 V
3584,2913,2.3475 V
3585,2870,2.3128 V
3586,2858,2.3032 V
3587,2874,2.3160 V
3588,2900,2.3370 V
3589,2899,2.3362 V
3590,2921,2.3539 V
3591,2928,2.3596 V
3592,2956,2.3821 V
3593,2933,2.3636 V
3594,2889,2.3281 V
3595,2874,2.3160 V
3596,2811,2.2653 V
3597,2842,2.2903 V
3598,2850,2.2967 V
3599,2903,2.3394 V
3600,2886,2.3257 V
3601,2860,2.3048 V
3602,2902,2.3386 V
3603,2861,2.3056 V
3604,2813,2.2669 V
3605,2775,2.2363 V
3606,2792,2.2500 V
3607,2765,2.2282 V
3608,2796,2.2532 V
3609,2838,2.2870 V
3610,2814,2.2677 V
3611,2840,2.2886 V
3612,2839,2.2878 V
3613,2915,2.3491 V
3614,2833,2.2830 V
3615,2767,2.2298 V
3616,2747,2.2137 V
3617,2779,2.2395 V
3618,2773,2.2347 V
3619,2812,2.2661 V
3620,2776,2.2371 V
3621,2818,2.2709 V
3622,2837,2.2862 V
3623,2852,2.2983 V
3624,2821,2.2733 V
3625,2752,2.2177 V
3626,2767,2.2298 V
3627,2760,2.2242 V
3628,2809,2.2637 V
3629,2779,2.2395 V
3630,2816,2.2693 V
3631,2874,2.3160 V
3632,2864,2.3080 V
3633,2873,2.3152 V
3634,2834,2.2838 V
3635,2816,2.2693 V
3636,2759,2.2234 V
3637,2804,2.2596 V
3638,2812,2.2661 V
3639,2779,2.2395 V
3640,2836,2.2854 V
3641,2844,2.2919 V
3642,2870,2.3128 V
3643,2887,2.3265 V
3644,2836,2.2854 V
3645,2867,2.3104 V
3646,2813,2.2669 V
3647,2775,2.2363 V
3648,2826,2.2774 V
3649,2858,2.3032 V
3650,2788,2.2467 V
3651,2836,2.2854 V
3652,2878,2.3193 V
3653,2903,2.3394 V
3654,2879,2.3201 V
3655,2803,2.2588 V
3656,2855,2.3007 V
3657,2727,2.1976 V
3658,2710,2.1839 V
3659,2889,2.3281 V
3660,2794,2.2516 V
3661,2776,2.2371 V
3662,2852,2.2983 V
3663,2871,2.3136 V
3664,2776,2.2371 V
3665,2790,2.2484 V
3666,2764,2.2274 V
3667,2701,2.1766 V
3668,2787,2.2459 V
3669,2678,2.1581 V
3670,2802,2.2580 V
3671,2680,2.1597 V
3672,2693,2.1702 V
3673,2905,2.3410 V
3674,2778,2.2387 V
3675,2703,2.1782 V
3676,2713,2.1863 V
3677,2742,2.2097 V
3678,2680,2.1597 V
3679,2704,2.1790 V
3680,2732,2.2016 V
3681,2690,2.1678 V
3682,2798,2.2548 V
3683,2750,2.2161 V
3684,2809,2.2637 V
3685,2709,2.1831 V
3686,2631,2.1202 V
3687,2799,2.2556 V
3688,2655,2.1396 V
3689,2664,2.1468 V
3690,2685,2.1637 V
3691,2678,2.1581 V
3692,2738,2.2064 V
3693,2746,2.2129 V
3694,2767,2.2298 V
3695,2679,2.1589 V
3696,2746,2.2129 V
3697,2703,2.1782 V
3698,2881,2.3217 V
3699,2682,2.1613 V
3700,2625,2.1154 V
3701,2818,2.2709 V
3702,2702,2.1774 V
3703,2781,2.2411 V
3704,2786,2.2451 V
3705,2746,2.2129 V
3706,2760,2.2242 V
3707,2729,2.1992 V
3708,2722,2.1936 V
3709,2691,2.1686 V
3710,2728,2.1984 V
3711,2726,2.1968 V
3712,2897,2.3346 V
3713,2730,2.2000 V
3714,2765,2.2282 V
3715,2842,2.2903 V
3716,2696,2.1726 V
3717,2744,2.2113 V
3718,2742,2.2097 V
3719,2672,2.1533 V
3720,2678,2.1581 V
3721,2710,2.1839 V
3722,2689,2.1670 V
3723,2750,2.2161 V
3724,2812,2.2661 V
3725,2771,2.2330 V
3726,2791,2.2492 V
3727,2700,2.1758 V
3728,2770,2.2322 V
3729,2721,2.1927 V
3730,2668,2.1500 V
3731,2715,2.1879 V
3732,2694,2.1710 V
3733,2701,2.1766 V
3734,2713,2.1863 V
3735,2724,2.1952 V
3736,2674,2.1549 V
3737,2751,2.2169 V
3738,2742,2.2097 V
3739,2637,2.1251 V
3740,2753,2.2185 V
3741,2695,2.1718 V
3742,2669,2.1508 V
3743,2760,2.2242 V
3744,2715,2.1879 V
3745,2634,2.1226 V
3746,2657,2.1412 V
3747,2610,2.1033 V
3748,2609,2.1025 V
3749,2775,2.2363 V
3750,2620,2.1114 V
3751,2568,2.0695 V
3752,2798,2.2548 V
3753,2701,2.1766 V
3754,2627,2.1170 V
3755,2687,2.1653 V
3756,2673,2.1541 V
3757,2619,2.1105 V
3758,2604,2.0985 V
3759,2633,2.1218 V
3760,2626,2.1162 V
3761,2705,2.1799 V
3762,2660,2.1436 V
3763,2620,2.1114 V
3764,2821,2.2733 V
3765,2704,2.1790 V
3766,2672,2.1533 V
3767,2722,2.1936 V
3768,2644,2.1307 V
3769,2665,2.1476 V
3770,2681,2.1605 V
3771,2636,2.1242 V
3772,2684,2.1629 V
3773,2750,2.2161 V
3774,2703,2.1782 V
3775,2633,2.1218 V
3776,2777,2.2379 V
3777,2622,2.1130 V
3778,2654,2.1388 V
3779,2702,2.1774 V
3780,2631,2.1202 V
3781,2718,2.1903 V
3782,2685,2.1637 V
3783,2674,2.1549 V
3784,2749,2.2153 V
3785,2707,2.1815 V
3786,2667,2.1492 V
3787,2599,2.0944 V
3788,2763,2.2266 V
3789,2565,2.0670 V
3790,2632,2.1210 V
3791,2693,2.1702 V
3792,2680,2.1597 V
3793,2712,2.1855 V
3794,2746,2.2129 V
3795,2763,2.2266 V
3796,2603,2.0977 V
3797,2841,2.2895 V
3798,2581,2.0799 V
3799,2553,2.0574 V
3800,2713,2.1863 V
3801,2551,2.0558 V
3802,2628,2.1178 V
3803,2677,2.1573 V
3804,2642,2.1291 V
3805,2615,2.1073 V
3806,2652,2.1371 V
3807,2630,2.1194 V
3808,2571,2.0719 V
3809,2610,2.1033 V
3810,2546,2.0517 V
3811,2504,2.0179 V
3812,2603,2.0977 V
3813,2802,2.2580 V
3814,2592,2.0888 V
3815,2529,2.0380 V
3816,2718,2.1903 V
3817,2537,2.0445 V
3818,2564,2.0662 V
3819,2269,1.8285 V
3820,0,0.0000 V
3821,0,0.0000 V
3822,0,0.0000 V
3823,0,0.0000 V
3824,0,0.0000 V
3825,0,0.0000 V
3826,0,0.0000 V
3827,0,0.0000 V
3828,0,0.0000 V
3829,0,0.0000 V
3830,0,0.0000 V
3831,0,0.0000 V
3832,0,0.0000 V
3833,0,0.0000 V
3834,0,0.0000 V
3835,0,0.0000 V
3836,0,0.0000 V
3837,0,0.0000 V
3838,0,0.0000 V
3839,0,0.0000 V
3840,0,0.0000 V
3841,0,0.0000 V
3842,0,0.0000 V
3843,0,0.0000 V
3844,0,0.0000 V
3845,0,0.0000 V
3846,0,0.0000 V
3847,0,0.0000 V
3848,0,0.0000 V
3849,0,0.0000 V
3850,0,0.0000 V
3851,0,0.0000 V
3852,0,0.0000 V
3853,0,0.0000 V
3854,0,0.0000 V
3855,0,0.0000 V
3856,0,0.0000 V
3857,0,0.0000 V
3858,0,0.0000 V
3859,0,0.0000 V
3860,0,0.0000 V
3861,0,0.0000 V
3862,0,0.0000 V
3863,0,0.0000 V
3864,0,0.0000 V
3865,0,0.0000 V
3866,0,0.0000 V
3867,0,0.0000 V
3868,0,0.0000 V
3869,0,0.0000 V
3870,0,0.0000 V
3871,0,0.0000 V
3872,0,0.0000 V
3873,0,0.0000 V
3874,0,0.0000 V
3875,0,0.0000 V
3876,0,0.0000 V
3877,0,0.0000 V
3878,0,0.0000 V
3879,0,0.0000 V
3880,0,0.0000 V
3881,0,0.0000 V
3882,0,0.0000 V
3883,0,0.0000 V
3884,0,0.0000 V
3885,0,0.0000 V
3886,0,0.0000 V
3887,0,0.0000 V
3888,0,0.0000 V
3889,0,0.0000 V
3890,0,0.0000 V
3891,0,0.0000 V
3892,0,0.0000 V
3893,0,0.0000 V
3894,0,0.0000 V
3895,0,0.0000 V
3896,0,0.0000 V
3897,0,0.0000 V
3898,0,0.0000 V
3899,7,0.0056 V
3900,0,0.0000 V
3901,0,0.0000 V
3902,64,0.0516 V
3903,0,0.0000 V
3904,0,0.0000 V
3905,3,0.0024 V
3906,0,0.0000 V
3907,0,0.0000 V
3908,20,0.0161 V
3909,0,0.0000 V
3910,0,0.0000 V
3911,23,0.0185 V
3912,0,0.0000 V
3913,0,0.0000 V
3914,104,0.0838 V
3915,0,0.0000 V
3916,7,0.0056 V
3917,61,0.0492 V
3918,0,0.0000 V
3919,0,0.0000 V
3920,21,0.0169 V
3921,0,0.0000 V
3922,0,0.0000 V
3923,80,0.0645 V
3924,0,0.0000 V
3925,0,0.0000 V
3926,61,0.0492 V
3927,0,0.0000 V
3928,5,0.0040 V
3929,36,0.0290 V
3930,0,0.0000 V
3931,0,0.0000 V
3932,38,0.0306 V
3933,30,0.0242 V
3934,5,0.0040 V
3935,0,0.0000 V
3936,0,0.0000 V
3937,13,0.0105 V
3938,0,0.0000 V
3939,0,0.0000 V
3940,0,0.0000 V
3941,0,0.0000 V
3942,0,0.0000 V
3943,24,0.0193 V
3944,0,0.0000 V
3945,0,0.0000 V
3946,25,0.0201 V
3947,0,0.0000 V
3948,40,0.0322 V
3949,0,0.0000 V
3950,0,0.0000 V
3951,0,0.0000 V
3952,0,0.0000 V
3953,10,0.0081 V
3954,0,0.0000 V
3955,0,0.0000 V
3956,0,0.0000 V
3957,7,0.0056 V
3958,0,0.0000 V
3959,0,0.0000 V
3960,32,0.0258 V
3961,0,0.0000 V
3962,6,0.0048 V
3963,0,0.0000 V
3964,28,0.0226 V
3965,0,0.0000 V
3966,0,0.0000 V
3967,39,0.0314 V
3968,59,0.0475 V
3969,0,0.0000 V
3970,42,0.0338 V
3971,13,0.0105 V
3972,0,0.0000 V
3973,12,0.0097 V
3974,90,0.0725 V
3975,0,0.0000 V
3976,36,0.0290 V
3977,21,0.0169 V
3978,82,0.0661 V
3979,77,0.0621 V
3980,0,0.0000 V
3981,52,0.0419 V
3982,0,0.0000 V
3983,0,0.0000 V
3984,73,0.0588 V
3985,22,0.0177 V
3986,0,0.0000 V
3987,0,0.0000 V
3988,112,0.0903 V
3989,32,0.0258 V
3990,37,0.0298 V
3991,4,0.0032 V
3992,49,0.0395 V
3993,29,0.0234 V
3994,0,0.0000 V
3995,103,0.0830 V
3996,0,0.0000 V
3997,8,0.0064 V
3998,79,0.0637 V
3999,25,0.0201 V
4000,0,0.0000 V
4001,0,0.0000 V
4002,46,0.0371 V
4003,0,0.0000 V
4004,0,0.0000 V
4005,26,0.0210 V
4006,0,0.0000 V
4007,72,0.0580 V
4008,3,0.0024 V
4009,0,0.0000 V
4010,0,0.0000 V
4011,0,0.0000 V
4012,0,0.0000 V
4013,0,0.0000 V
4014,26,0.0210 V
4015,0,0.0000 V
4016,0,0.0000 V
4017,9,0.0073 V
4018,101,0.0814 V
4019,0,0.0000 V
4020,0,0.0000 V
4021,73,0.0588 V
4022,0,0.0000 V
4023,0,0.0000 V
4024,49,0.0395 V
4025,0,0.0000 V
4026,0,0.0000 V
4027,8,0.0064 V
4028,25,0.0201 V
4029,0,0.0000 V
4030,0,0.0000 V
4031,20,0.0161 V
4032,62,0.0500 V
4033,0,0.0000 V
4034,0,0.0000 V
4035,102,0.0822 V
4036,0,0.0000 V
4037,13,0.0105 V
4038,103,0.0830 V
4039,0,0.0000 V
4040,38,0.0306 V
4041,38,0.0306 V
4042,8,0.0064 V
4043,56,0.0451 V
4044,47,0.0379 V
4045,88,0.0709 V
4046,25,0.0201 V
4047,20,0.0161 V
4048,156,0.1257 V
4049,96,0.0774 V
4050,41,0.0330 V
4051,29,0.0234 V
4052,75,0.0604 V
4053,22,0.0177 V
4054,83,0.0669 V
4055,60,0.0484 V
4056,0,0.0000 V
4057,155,0.1249 V
4058,33,0.0266 V
4059,24,0.0193 V
4060,100,0.0806 V
4061,0,0.0000 V
4062,27,0.0218 V
4063,56,0.0451 V
4064,71,0.0572 V
4065,0,0.0000 V
4066,70,0.0564 V
4067,53,0.0427 V
4068,12,0.0097 V
4069,52,0.0419 V
4070,0,0.0000 V
4071,0,0.0000 V
4072,67,0.0540 V
4073,28,0.0226 V
4074,0,0.0000 V
4075,26,0.0210 V
4076,17,0.0137 V
4077,0,0.0000 V
4078,70,0.0564 V
4079,4,0.0032 V
4080,0,0.0000 V
4081,8,0.0064 V
4082,0,0.0000 V
4083,139,0.1120 V
4084,0,0.0000 V
4085,0,0.0000 V
4086,56,0.0451 V
4087,4,0.0032 V
4088,0,0.0000 V
4089,42,0.0338 V
4090,0,0.0000 V
4091,0,0.0000 V
4092,52,0.0419 V
4093,0,0.0000 V
4094,0,0.0000 V
4095,0,0.0000 V
